-- MySQL dump 10.13  Distrib 8.0.19, for osx10.14 (x86_64)
--
-- Host: localhost    Database: laravel_assesment
-- ------------------------------------------------------
-- Server version	8.0.19

/*!40101 SET @OLD_CHARACTER_SET_CLIENT=@@CHARACTER_SET_CLIENT */;
/*!40101 SET @OLD_CHARACTER_SET_RESULTS=@@CHARACTER_SET_RESULTS */;
/*!40101 SET @OLD_COLLATION_CONNECTION=@@COLLATION_CONNECTION */;
/*!50503 SET NAMES utf8mb4 */;
/*!40103 SET @OLD_TIME_ZONE=@@TIME_ZONE */;
/*!40103 SET TIME_ZONE='+00:00' */;
/*!40014 SET @OLD_UNIQUE_CHECKS=@@UNIQUE_CHECKS, UNIQUE_CHECKS=0 */;
/*!40014 SET @OLD_FOREIGN_KEY_CHECKS=@@FOREIGN_KEY_CHECKS, FOREIGN_KEY_CHECKS=0 */;
/*!40101 SET @OLD_SQL_MODE=@@SQL_MODE, SQL_MODE='NO_AUTO_VALUE_ON_ZERO' */;
/*!40111 SET @OLD_SQL_NOTES=@@SQL_NOTES, SQL_NOTES=0 */;

--
-- Table structure for table `failed_jobs`
--

DROP TABLE IF EXISTS `failed_jobs`;
/*!40101 SET @saved_cs_client     = @@character_set_client */;
/*!50503 SET character_set_client = utf8mb4 */;
CREATE TABLE `failed_jobs` (
  `id` bigint unsigned NOT NULL AUTO_INCREMENT,
  `connection` text COLLATE utf8mb4_unicode_ci NOT NULL,
  `queue` text COLLATE utf8mb4_unicode_ci NOT NULL,
  `payload` longtext COLLATE utf8mb4_unicode_ci NOT NULL,
  `exception` longtext COLLATE utf8mb4_unicode_ci NOT NULL,
  `failed_at` timestamp NOT NULL DEFAULT CURRENT_TIMESTAMP,
  PRIMARY KEY (`id`)
) ENGINE=InnoDB AUTO_INCREMENT=2 DEFAULT CHARSET=utf8mb4 COLLATE=utf8mb4_unicode_ci;
/*!40101 SET character_set_client = @saved_cs_client */;

--
-- Dumping data for table `failed_jobs`
--

LOCK TABLES `failed_jobs` WRITE;
/*!40000 ALTER TABLE `failed_jobs` DISABLE KEYS */;
INSERT INTO `failed_jobs` VALUES (1,'fasfds','fdsf','','dfds','2020-12-19 18:43:17');
/*!40000 ALTER TABLE `failed_jobs` ENABLE KEYS */;
UNLOCK TABLES;

--
-- Table structure for table `family_type_preference`
--

DROP TABLE IF EXISTS `family_type_preference`;
/*!40101 SET @saved_cs_client     = @@character_set_client */;
/*!50503 SET character_set_client = utf8mb4 */;
CREATE TABLE `family_type_preference` (
  `id` bigint unsigned NOT NULL AUTO_INCREMENT,
  `user_id` bigint unsigned NOT NULL,
  `family_type_id` bigint unsigned NOT NULL,
  `name` varchar(200) COLLATE utf8mb4_unicode_ci NOT NULL,
  `created_at` timestamp NULL DEFAULT NULL,
  `updated_at` timestamp NULL DEFAULT NULL,
  PRIMARY KEY (`id`),
  KEY `family_type_preference_user_id_foreign` (`user_id`),
  KEY `family_type_preference_family_type_id_foreign` (`family_type_id`),
  CONSTRAINT `family_type_preference_family_type_id_foreign` FOREIGN KEY (`family_type_id`) REFERENCES `family_types` (`id`) ON DELETE CASCADE,
  CONSTRAINT `family_type_preference_user_id_foreign` FOREIGN KEY (`user_id`) REFERENCES `users` (`id`) ON DELETE CASCADE
) ENGINE=InnoDB AUTO_INCREMENT=130 DEFAULT CHARSET=utf8mb4 COLLATE=utf8mb4_unicode_ci;
/*!40101 SET character_set_client = @saved_cs_client */;

--
-- Dumping data for table `family_type_preference`
--

LOCK TABLES `family_type_preference` WRITE;
/*!40000 ALTER TABLE `family_type_preference` DISABLE KEYS */;
INSERT INTO `family_type_preference` VALUES (1,2,2,'Nuclear Family','2020-08-20 16:26:06','2020-08-20 16:26:06'),(2,3,1,'Joint Family','2020-08-20 16:26:06','2020-08-20 16:26:06'),(3,4,1,'Joint Family','2020-08-20 16:26:06','2020-08-20 16:26:06'),(4,5,2,'Nuclear Family','2020-08-20 16:26:06','2020-08-20 16:26:06'),(5,6,1,'Joint Family','2020-08-20 16:26:06','2020-08-20 16:26:06'),(6,7,2,'Nuclear Family','2020-08-20 16:26:06','2020-08-20 16:26:06'),(7,8,1,'Joint Family','2020-08-20 16:26:07','2020-08-20 16:26:07'),(8,9,2,'Nuclear Family','2020-08-20 16:26:07','2020-08-20 16:26:07'),(9,10,2,'Nuclear Family','2020-08-20 16:26:07','2020-08-20 16:26:07'),(10,11,2,'Nuclear Family','2020-08-20 16:26:07','2020-08-20 16:26:07'),(11,12,1,'Joint Family','2020-08-20 16:26:07','2020-08-20 16:26:07'),(12,13,1,'Joint Family','2020-08-20 16:26:07','2020-08-20 16:26:07'),(13,14,2,'Nuclear Family','2020-08-20 16:26:07','2020-08-20 16:26:07'),(14,15,1,'Joint Family','2020-08-20 16:26:07','2020-08-20 16:26:07'),(15,16,1,'Joint Family','2020-08-20 16:26:08','2020-08-20 16:26:08'),(16,17,1,'Joint Family','2020-08-20 16:26:08','2020-08-20 16:26:08'),(17,18,1,'Joint Family','2020-08-20 16:26:08','2020-08-20 16:26:08'),(18,19,2,'Nuclear Family','2020-08-20 16:26:08','2020-08-20 16:26:08'),(19,20,2,'Nuclear Family','2020-08-20 16:26:08','2020-08-20 16:26:08'),(20,21,2,'Nuclear Family','2020-08-20 16:26:08','2020-08-20 16:26:08'),(21,22,1,'Joint Family','2020-08-20 16:26:08','2020-08-20 16:26:08'),(22,23,2,'Nuclear Family','2020-08-20 16:26:09','2020-08-20 16:26:09'),(23,24,2,'Nuclear Family','2020-08-20 16:26:09','2020-08-20 16:26:09'),(24,25,2,'Nuclear Family','2020-08-20 16:26:09','2020-08-20 16:26:09'),(25,26,2,'Nuclear Family','2020-08-20 16:26:09','2020-08-20 16:26:09'),(26,27,2,'Nuclear Family','2020-08-20 16:26:09','2020-08-20 16:26:09'),(27,28,1,'Joint Family','2020-08-20 16:26:09','2020-08-20 16:26:09'),(28,29,1,'Joint Family','2020-08-20 16:26:09','2020-08-20 16:26:09'),(29,30,1,'Joint Family','2020-08-20 16:26:09','2020-08-20 16:26:09'),(30,31,2,'Nuclear Family','2020-08-20 16:26:10','2020-08-20 16:26:10'),(31,32,2,'Nuclear Family','2020-08-20 16:26:10','2020-08-20 16:26:10'),(32,33,2,'Nuclear Family','2020-08-20 16:26:10','2020-08-20 16:26:10'),(33,34,1,'Joint Family','2020-08-20 16:26:10','2020-08-20 16:26:10'),(34,35,1,'Joint Family','2020-08-20 16:26:10','2020-08-20 16:26:10'),(35,36,2,'Nuclear Family','2020-08-20 16:26:10','2020-08-20 16:26:10'),(36,37,2,'Nuclear Family','2020-08-20 16:26:10','2020-08-20 16:26:10'),(37,38,2,'Nuclear Family','2020-08-20 16:26:11','2020-08-20 16:26:11'),(38,39,1,'Joint Family','2020-08-20 16:26:11','2020-08-20 16:26:11'),(39,40,1,'Joint Family','2020-08-20 16:26:11','2020-08-20 16:26:11'),(40,41,2,'Nuclear Family','2020-08-20 16:26:11','2020-08-20 16:26:11'),(41,42,1,'Joint Family','2020-08-20 16:26:11','2020-08-20 16:26:11'),(42,43,2,'Nuclear Family','2020-08-20 16:26:11','2020-08-20 16:26:11'),(43,44,1,'Joint Family','2020-08-20 16:26:11','2020-08-20 16:26:11'),(44,45,2,'Nuclear Family','2020-08-20 16:26:12','2020-08-20 16:26:12'),(45,46,1,'Joint Family','2020-08-20 16:26:12','2020-08-20 16:26:12'),(46,47,2,'Nuclear Family','2020-08-20 16:26:12','2020-08-20 16:26:12'),(47,48,1,'Joint Family','2020-08-20 16:26:12','2020-08-20 16:26:12'),(48,49,2,'Nuclear Family','2020-08-20 16:26:12','2020-08-20 16:26:12'),(49,50,1,'Joint Family','2020-08-20 16:26:12','2020-08-20 16:26:12'),(50,51,2,'Nuclear Family','2020-08-20 16:26:12','2020-08-20 16:26:12'),(51,52,1,'Joint Family','2020-08-20 16:26:13','2020-08-20 16:26:13'),(52,53,2,'Nuclear Family','2020-08-20 16:26:13','2020-08-20 16:26:13'),(53,54,2,'Nuclear Family','2020-08-20 16:26:13','2020-08-20 16:26:13'),(54,55,2,'Nuclear Family','2020-08-20 16:26:13','2020-08-20 16:26:13'),(55,56,1,'Joint Family','2020-08-20 16:26:13','2020-08-20 16:26:13'),(56,57,2,'Nuclear Family','2020-08-20 16:26:13','2020-08-20 16:26:13'),(57,58,2,'Nuclear Family','2020-08-20 16:26:13','2020-08-20 16:26:13'),(58,59,1,'Joint Family','2020-08-20 16:26:14','2020-08-20 16:26:14'),(59,60,2,'Nuclear Family','2020-08-20 16:26:14','2020-08-20 16:26:14'),(60,61,2,'Nuclear Family','2020-08-20 16:26:14','2020-08-20 16:26:14'),(61,62,1,'Joint Family','2020-08-20 16:26:14','2020-08-20 16:26:14'),(62,63,2,'Nuclear Family','2020-08-20 16:26:14','2020-08-20 16:26:14'),(63,64,1,'Joint Family','2020-08-20 16:26:14','2020-08-20 16:26:14'),(64,65,2,'Nuclear Family','2020-08-20 16:26:14','2020-08-20 16:26:14'),(65,66,1,'Joint Family','2020-08-20 16:26:15','2020-08-20 16:26:15'),(66,67,2,'Nuclear Family','2020-08-20 16:26:15','2020-08-20 16:26:15'),(67,68,1,'Joint Family','2020-08-20 16:26:15','2020-08-20 16:26:15'),(68,69,1,'Joint Family','2020-08-20 16:26:15','2020-08-20 16:26:15'),(69,70,1,'Joint Family','2020-08-20 16:26:15','2020-08-20 16:26:15'),(70,71,1,'Joint Family','2020-08-20 16:26:15','2020-08-20 16:26:15'),(71,72,2,'Nuclear Family','2020-08-20 16:26:15','2020-08-20 16:26:15'),(72,73,1,'Joint Family','2020-08-20 16:26:16','2020-08-20 16:26:16'),(73,74,2,'Nuclear Family','2020-08-20 16:26:16','2020-08-20 16:26:16'),(74,75,1,'Joint Family','2020-08-20 16:26:16','2020-08-20 16:26:16'),(75,76,2,'Nuclear Family','2020-08-20 16:26:16','2020-08-20 16:26:16'),(76,77,2,'Nuclear Family','2020-08-20 16:26:16','2020-08-20 16:26:16'),(77,78,2,'Nuclear Family','2020-08-20 16:26:16','2020-08-20 16:26:16'),(78,79,2,'Nuclear Family','2020-08-20 16:26:16','2020-08-20 16:26:16'),(79,80,2,'Nuclear Family','2020-08-20 16:26:17','2020-08-20 16:26:17'),(80,81,2,'Nuclear Family','2020-08-20 16:26:17','2020-08-20 16:26:17'),(81,82,1,'Joint Family','2020-08-20 16:26:17','2020-08-20 16:26:17'),(82,83,2,'Nuclear Family','2020-08-20 16:26:17','2020-08-20 16:26:17'),(83,84,2,'Nuclear Family','2020-08-20 16:26:17','2020-08-20 16:26:17'),(84,85,1,'Joint Family','2020-08-20 16:26:17','2020-08-20 16:26:17'),(85,86,1,'Joint Family','2020-08-20 16:26:17','2020-08-20 16:26:17'),(86,87,1,'Joint Family','2020-08-20 16:26:18','2020-08-20 16:26:18'),(87,88,1,'Joint Family','2020-08-20 16:26:18','2020-08-20 16:26:18'),(88,89,2,'Nuclear Family','2020-08-20 16:26:18','2020-08-20 16:26:18'),(89,90,1,'Joint Family','2020-08-20 16:26:18','2020-08-20 16:26:18'),(90,91,1,'Joint Family','2020-08-20 16:26:18','2020-08-20 16:26:18'),(91,92,1,'Joint Family','2020-08-20 16:26:18','2020-08-20 16:26:18'),(92,93,1,'Joint Family','2020-08-20 16:26:18','2020-08-20 16:26:18'),(93,94,1,'Joint Family','2020-08-20 16:26:18','2020-08-20 16:26:18'),(94,95,2,'Nuclear Family','2020-08-20 16:26:19','2020-08-20 16:26:19'),(95,96,2,'Nuclear Family','2020-08-20 16:26:19','2020-08-20 16:26:19'),(96,97,2,'Nuclear Family','2020-08-20 16:26:19','2020-08-20 16:26:19'),(97,98,2,'Nuclear Family','2020-08-20 16:26:19','2020-08-20 16:26:19'),(98,99,1,'Joint Family','2020-08-20 16:26:19','2020-08-20 16:26:19'),(99,100,1,'Joint Family','2020-08-20 16:26:19','2020-08-20 16:26:19'),(100,101,1,'Joint Family','2020-08-20 16:26:20','2020-08-20 16:26:20'),(101,102,2,'Nuclear Family','2020-08-20 16:26:20','2020-08-20 16:26:20'),(102,103,1,'Joint Family','2020-08-20 16:26:20','2020-08-20 16:26:20'),(103,104,2,'Nuclear Family','2020-08-20 16:26:20','2020-08-20 16:26:20'),(104,105,2,'Nuclear Family','2020-08-20 16:26:20','2020-08-20 16:26:20'),(105,106,1,'Joint Family','2020-08-20 16:26:20','2020-08-20 16:26:20'),(106,107,2,'Nuclear Family','2020-08-20 16:26:20','2020-08-20 16:26:20'),(107,108,2,'Nuclear Family','2020-08-20 16:26:20','2020-08-20 16:26:20'),(108,109,2,'Nuclear Family','2020-08-20 16:26:21','2020-08-20 16:26:21'),(109,110,1,'Joint Family','2020-08-20 16:26:21','2020-08-20 16:26:21'),(110,111,1,'Joint Family','2020-08-20 16:26:21','2020-08-20 16:26:21'),(111,112,1,'Joint Family','2020-08-20 16:26:21','2020-08-20 16:26:21'),(112,113,2,'Nuclear Family','2020-08-20 16:26:21','2020-08-20 16:26:21'),(113,114,2,'Nuclear Family','2020-08-20 16:26:21','2020-08-20 16:26:21'),(114,115,1,'Joint Family','2020-08-20 16:26:22','2020-08-20 16:26:22'),(115,116,1,'Joint Family','2020-08-20 16:26:22','2020-08-20 16:26:22'),(116,117,1,'Joint Family','2020-08-20 16:26:22','2020-08-20 16:26:22'),(117,118,1,'Joint Family','2020-08-20 16:26:22','2020-08-20 16:26:22'),(118,119,2,'Nuclear Family','2020-08-20 16:26:22','2020-08-20 16:26:22'),(119,120,2,'Nuclear Family','2020-08-20 16:26:22','2020-08-20 16:26:22'),(120,121,2,'Nuclear Family','2020-08-20 16:26:22','2020-08-20 16:26:22'),(121,122,1,'Joint Family','2020-08-20 16:26:23','2020-08-20 16:26:23'),(122,123,1,'Joint Family','2020-08-20 16:26:23','2020-08-20 16:26:23'),(123,124,1,'Joint Family','2020-08-20 16:26:23','2020-08-20 16:26:23'),(124,125,1,'Joint Family','2020-08-20 16:26:23','2020-08-20 16:26:23'),(125,126,2,'Nuclear Family','2020-08-20 16:26:23','2020-08-20 16:26:23'),(126,1,1,'Joint Family','2020-08-20 16:26:46','2020-08-20 16:26:46'),(128,1,2,'Nuclear Family','2020-08-20 17:31:14','2020-08-20 17:31:14'),(129,127,2,'Nuclear Family','2020-08-20 17:44:21','2020-08-20 17:44:21');
/*!40000 ALTER TABLE `family_type_preference` ENABLE KEYS */;
UNLOCK TABLES;

--
-- Table structure for table `family_types`
--

DROP TABLE IF EXISTS `family_types`;
/*!40101 SET @saved_cs_client     = @@character_set_client */;
/*!50503 SET character_set_client = utf8mb4 */;
CREATE TABLE `family_types` (
  `id` bigint unsigned NOT NULL AUTO_INCREMENT,
  `name` varchar(200) COLLATE utf8mb4_unicode_ci NOT NULL,
  `created_at` timestamp NULL DEFAULT NULL,
  `updated_at` timestamp NULL DEFAULT NULL,
  PRIMARY KEY (`id`)
) ENGINE=InnoDB AUTO_INCREMENT=3 DEFAULT CHARSET=utf8mb4 COLLATE=utf8mb4_unicode_ci;
/*!40101 SET character_set_client = @saved_cs_client */;

--
-- Dumping data for table `family_types`
--

LOCK TABLES `family_types` WRITE;
/*!40000 ALTER TABLE `family_types` DISABLE KEYS */;
INSERT INTO `family_types` VALUES (1,'Joint Family','2020-08-20 16:26:05','2020-08-20 16:26:05'),(2,'Nuclear Family','2020-08-20 16:26:05','2020-08-20 16:26:05');
/*!40000 ALTER TABLE `family_types` ENABLE KEYS */;
UNLOCK TABLES;

--
-- Table structure for table `migrations`
--

DROP TABLE IF EXISTS `migrations`;
/*!40101 SET @saved_cs_client     = @@character_set_client */;
/*!50503 SET character_set_client = utf8mb4 */;
CREATE TABLE `migrations` (
  `id` int unsigned NOT NULL AUTO_INCREMENT,
  `migration` varchar(200) COLLATE utf8mb4_unicode_ci NOT NULL,
  `batch` int NOT NULL,
  PRIMARY KEY (`id`)
) ENGINE=InnoDB AUTO_INCREMENT=9 DEFAULT CHARSET=utf8mb4 COLLATE=utf8mb4_unicode_ci;
/*!40101 SET character_set_client = @saved_cs_client */;

--
-- Dumping data for table `migrations`
--

LOCK TABLES `migrations` WRITE;
/*!40000 ALTER TABLE `migrations` DISABLE KEYS */;
INSERT INTO `migrations` VALUES (1,'2014_10_12_000000_create_users_table',1),(2,'2014_10_12_100000_create_password_resets_table',1),(3,'2019_08_19_000000_create_failed_jobs_table',1),(4,'2020_08_19_122626_create_partner_preferences_table',1),(5,'2020_08_19_230759_create_occupations_table',1),(6,'2020_08_19_230814_create_family_types_table',1),(7,'2020_08_19_230823_create_occupation_preference_table',1),(8,'2020_08_19_230829_create_family_type_preference_table',1);
/*!40000 ALTER TABLE `migrations` ENABLE KEYS */;
UNLOCK TABLES;

--
-- Table structure for table `occupation_preference`
--

DROP TABLE IF EXISTS `occupation_preference`;
/*!40101 SET @saved_cs_client     = @@character_set_client */;
/*!50503 SET character_set_client = utf8mb4 */;
CREATE TABLE `occupation_preference` (
  `id` bigint unsigned NOT NULL AUTO_INCREMENT,
  `user_id` bigint unsigned NOT NULL,
  `occupation_id` bigint unsigned NOT NULL,
  `name` varchar(200) COLLATE utf8mb4_unicode_ci NOT NULL,
  `created_at` timestamp NULL DEFAULT NULL,
  `updated_at` timestamp NULL DEFAULT NULL,
  PRIMARY KEY (`id`),
  KEY `occupation_preference_user_id_foreign` (`user_id`),
  KEY `occupation_preference_occupation_id_foreign` (`occupation_id`),
  CONSTRAINT `occupation_preference_occupation_id_foreign` FOREIGN KEY (`occupation_id`) REFERENCES `occupations` (`id`) ON DELETE CASCADE,
  CONSTRAINT `occupation_preference_user_id_foreign` FOREIGN KEY (`user_id`) REFERENCES `users` (`id`) ON DELETE CASCADE
) ENGINE=InnoDB AUTO_INCREMENT=132 DEFAULT CHARSET=utf8mb4 COLLATE=utf8mb4_unicode_ci;
/*!40101 SET character_set_client = @saved_cs_client */;

--
-- Dumping data for table `occupation_preference`
--

LOCK TABLES `occupation_preference` WRITE;
/*!40000 ALTER TABLE `occupation_preference` DISABLE KEYS */;
INSERT INTO `occupation_preference` VALUES (1,2,2,'Government Job','2020-08-20 16:26:06','2020-08-20 16:26:06'),(2,3,2,'Government Job','2020-08-20 16:26:06','2020-08-20 16:26:06'),(3,4,1,'Private Jobs','2020-08-20 16:26:06','2020-08-20 16:26:06'),(4,5,3,'Business','2020-08-20 16:26:06','2020-08-20 16:26:06'),(5,6,2,'Government Job','2020-08-20 16:26:06','2020-08-20 16:26:06'),(6,7,3,'Business','2020-08-20 16:26:06','2020-08-20 16:26:06'),(7,8,3,'Business','2020-08-20 16:26:07','2020-08-20 16:26:07'),(8,9,3,'Business','2020-08-20 16:26:07','2020-08-20 16:26:07'),(9,10,3,'Business','2020-08-20 16:26:07','2020-08-20 16:26:07'),(10,11,3,'Business','2020-08-20 16:26:07','2020-08-20 16:26:07'),(11,12,3,'Business','2020-08-20 16:26:07','2020-08-20 16:26:07'),(12,13,2,'Government Job','2020-08-20 16:26:07','2020-08-20 16:26:07'),(13,14,1,'Private Jobs','2020-08-20 16:26:07','2020-08-20 16:26:07'),(14,15,1,'Private Jobs','2020-08-20 16:26:07','2020-08-20 16:26:07'),(15,16,1,'Private Jobs','2020-08-20 16:26:08','2020-08-20 16:26:08'),(16,17,2,'Government Job','2020-08-20 16:26:08','2020-08-20 16:26:08'),(17,18,1,'Private Jobs','2020-08-20 16:26:08','2020-08-20 16:26:08'),(18,19,3,'Business','2020-08-20 16:26:08','2020-08-20 16:26:08'),(19,20,1,'Private Jobs','2020-08-20 16:26:08','2020-08-20 16:26:08'),(20,21,1,'Private Jobs','2020-08-20 16:26:08','2020-08-20 16:26:08'),(21,22,2,'Government Job','2020-08-20 16:26:08','2020-08-20 16:26:08'),(22,23,1,'Private Jobs','2020-08-20 16:26:09','2020-08-20 16:26:09'),(23,24,2,'Government Job','2020-08-20 16:26:09','2020-08-20 16:26:09'),(24,25,3,'Business','2020-08-20 16:26:09','2020-08-20 16:26:09'),(25,26,1,'Private Jobs','2020-08-20 16:26:09','2020-08-20 16:26:09'),(26,27,3,'Business','2020-08-20 16:26:09','2020-08-20 16:26:09'),(27,28,2,'Government Job','2020-08-20 16:26:09','2020-08-20 16:26:09'),(28,29,3,'Business','2020-08-20 16:26:09','2020-08-20 16:26:09'),(29,30,1,'Private Jobs','2020-08-20 16:26:09','2020-08-20 16:26:09'),(30,31,3,'Business','2020-08-20 16:26:10','2020-08-20 16:26:10'),(31,32,3,'Business','2020-08-20 16:26:10','2020-08-20 16:26:10'),(32,33,2,'Government Job','2020-08-20 16:26:10','2020-08-20 16:26:10'),(33,34,1,'Private Jobs','2020-08-20 16:26:10','2020-08-20 16:26:10'),(34,35,3,'Business','2020-08-20 16:26:10','2020-08-20 16:26:10'),(35,36,2,'Government Job','2020-08-20 16:26:10','2020-08-20 16:26:10'),(36,37,2,'Government Job','2020-08-20 16:26:10','2020-08-20 16:26:10'),(37,38,3,'Business','2020-08-20 16:26:11','2020-08-20 16:26:11'),(38,39,1,'Private Jobs','2020-08-20 16:26:11','2020-08-20 16:26:11'),(39,40,3,'Business','2020-08-20 16:26:11','2020-08-20 16:26:11'),(40,41,1,'Private Jobs','2020-08-20 16:26:11','2020-08-20 16:26:11'),(41,42,1,'Private Jobs','2020-08-20 16:26:11','2020-08-20 16:26:11'),(42,43,2,'Government Job','2020-08-20 16:26:11','2020-08-20 16:26:11'),(43,44,3,'Business','2020-08-20 16:26:11','2020-08-20 16:26:11'),(44,45,1,'Private Jobs','2020-08-20 16:26:12','2020-08-20 16:26:12'),(45,46,2,'Government Job','2020-08-20 16:26:12','2020-08-20 16:26:12'),(46,47,3,'Business','2020-08-20 16:26:12','2020-08-20 16:26:12'),(47,48,3,'Business','2020-08-20 16:26:12','2020-08-20 16:26:12'),(48,49,3,'Business','2020-08-20 16:26:12','2020-08-20 16:26:12'),(49,50,3,'Business','2020-08-20 16:26:12','2020-08-20 16:26:12'),(50,51,1,'Private Jobs','2020-08-20 16:26:12','2020-08-20 16:26:12'),(51,52,3,'Business','2020-08-20 16:26:13','2020-08-20 16:26:13'),(52,53,1,'Private Jobs','2020-08-20 16:26:13','2020-08-20 16:26:13'),(53,54,2,'Government Job','2020-08-20 16:26:13','2020-08-20 16:26:13'),(54,55,1,'Private Jobs','2020-08-20 16:26:13','2020-08-20 16:26:13'),(55,56,2,'Government Job','2020-08-20 16:26:13','2020-08-20 16:26:13'),(56,57,3,'Business','2020-08-20 16:26:13','2020-08-20 16:26:13'),(57,58,1,'Private Jobs','2020-08-20 16:26:13','2020-08-20 16:26:13'),(58,59,2,'Government Job','2020-08-20 16:26:14','2020-08-20 16:26:14'),(59,60,3,'Business','2020-08-20 16:26:14','2020-08-20 16:26:14'),(60,61,3,'Business','2020-08-20 16:26:14','2020-08-20 16:26:14'),(61,62,2,'Government Job','2020-08-20 16:26:14','2020-08-20 16:26:14'),(62,63,3,'Business','2020-08-20 16:26:14','2020-08-20 16:26:14'),(63,64,1,'Private Jobs','2020-08-20 16:26:14','2020-08-20 16:26:14'),(64,65,2,'Government Job','2020-08-20 16:26:14','2020-08-20 16:26:14'),(65,66,1,'Private Jobs','2020-08-20 16:26:15','2020-08-20 16:26:15'),(66,67,2,'Government Job','2020-08-20 16:26:15','2020-08-20 16:26:15'),(67,68,2,'Government Job','2020-08-20 16:26:15','2020-08-20 16:26:15'),(68,69,1,'Private Jobs','2020-08-20 16:26:15','2020-08-20 16:26:15'),(69,70,2,'Government Job','2020-08-20 16:26:15','2020-08-20 16:26:15'),(70,71,3,'Business','2020-08-20 16:26:15','2020-08-20 16:26:15'),(71,72,2,'Government Job','2020-08-20 16:26:15','2020-08-20 16:26:15'),(72,73,2,'Government Job','2020-08-20 16:26:16','2020-08-20 16:26:16'),(73,74,3,'Business','2020-08-20 16:26:16','2020-08-20 16:26:16'),(74,75,3,'Business','2020-08-20 16:26:16','2020-08-20 16:26:16'),(75,76,3,'Business','2020-08-20 16:26:16','2020-08-20 16:26:16'),(76,77,3,'Business','2020-08-20 16:26:16','2020-08-20 16:26:16'),(77,78,2,'Government Job','2020-08-20 16:26:16','2020-08-20 16:26:16'),(78,79,1,'Private Jobs','2020-08-20 16:26:16','2020-08-20 16:26:16'),(79,80,1,'Private Jobs','2020-08-20 16:26:17','2020-08-20 16:26:17'),(80,81,3,'Business','2020-08-20 16:26:17','2020-08-20 16:26:17'),(81,82,2,'Government Job','2020-08-20 16:26:17','2020-08-20 16:26:17'),(82,83,3,'Business','2020-08-20 16:26:17','2020-08-20 16:26:17'),(83,84,3,'Business','2020-08-20 16:26:17','2020-08-20 16:26:17'),(84,85,3,'Business','2020-08-20 16:26:17','2020-08-20 16:26:17'),(85,86,2,'Government Job','2020-08-20 16:26:17','2020-08-20 16:26:17'),(86,87,2,'Government Job','2020-08-20 16:26:18','2020-08-20 16:26:18'),(87,88,1,'Private Jobs','2020-08-20 16:26:18','2020-08-20 16:26:18'),(88,89,3,'Business','2020-08-20 16:26:18','2020-08-20 16:26:18'),(89,90,1,'Private Jobs','2020-08-20 16:26:18','2020-08-20 16:26:18'),(90,91,1,'Private Jobs','2020-08-20 16:26:18','2020-08-20 16:26:18'),(91,92,2,'Government Job','2020-08-20 16:26:18','2020-08-20 16:26:18'),(92,93,2,'Government Job','2020-08-20 16:26:18','2020-08-20 16:26:18'),(93,94,3,'Business','2020-08-20 16:26:18','2020-08-20 16:26:18'),(94,95,2,'Government Job','2020-08-20 16:26:19','2020-08-20 16:26:19'),(95,96,1,'Private Jobs','2020-08-20 16:26:19','2020-08-20 16:26:19'),(96,97,3,'Business','2020-08-20 16:26:19','2020-08-20 16:26:19'),(97,98,1,'Private Jobs','2020-08-20 16:26:19','2020-08-20 16:26:19'),(98,99,3,'Business','2020-08-20 16:26:19','2020-08-20 16:26:19'),(99,100,1,'Private Jobs','2020-08-20 16:26:19','2020-08-20 16:26:19'),(100,101,2,'Government Job','2020-08-20 16:26:20','2020-08-20 16:26:20'),(101,102,2,'Government Job','2020-08-20 16:26:20','2020-08-20 16:26:20'),(102,103,2,'Government Job','2020-08-20 16:26:20','2020-08-20 16:26:20'),(103,104,2,'Government Job','2020-08-20 16:26:20','2020-08-20 16:26:20'),(104,105,2,'Government Job','2020-08-20 16:26:20','2020-08-20 16:26:20'),(105,106,1,'Private Jobs','2020-08-20 16:26:20','2020-08-20 16:26:20'),(106,107,3,'Business','2020-08-20 16:26:20','2020-08-20 16:26:20'),(107,108,2,'Government Job','2020-08-20 16:26:20','2020-08-20 16:26:20'),(108,109,2,'Government Job','2020-08-20 16:26:21','2020-08-20 16:26:21'),(109,110,1,'Private Jobs','2020-08-20 16:26:21','2020-08-20 16:26:21'),(110,111,3,'Business','2020-08-20 16:26:21','2020-08-20 16:26:21'),(111,112,3,'Business','2020-08-20 16:26:21','2020-08-20 16:26:21'),(112,113,1,'Private Jobs','2020-08-20 16:26:21','2020-08-20 16:26:21'),(113,114,3,'Business','2020-08-20 16:26:21','2020-08-20 16:26:21'),(114,115,3,'Business','2020-08-20 16:26:22','2020-08-20 16:26:22'),(115,116,2,'Government Job','2020-08-20 16:26:22','2020-08-20 16:26:22'),(116,117,3,'Business','2020-08-20 16:26:22','2020-08-20 16:26:22'),(117,118,3,'Business','2020-08-20 16:26:22','2020-08-20 16:26:22'),(118,119,1,'Private Jobs','2020-08-20 16:26:22','2020-08-20 16:26:22'),(119,120,3,'Business','2020-08-20 16:26:22','2020-08-20 16:26:22'),(120,121,3,'Business','2020-08-20 16:26:22','2020-08-20 16:26:22'),(121,122,2,'Government Job','2020-08-20 16:26:23','2020-08-20 16:26:23'),(122,123,1,'Private Jobs','2020-08-20 16:26:23','2020-08-20 16:26:23'),(123,124,1,'Private Jobs','2020-08-20 16:26:23','2020-08-20 16:26:23'),(124,125,3,'Business','2020-08-20 16:26:23','2020-08-20 16:26:23'),(125,126,3,'Business','2020-08-20 16:26:23','2020-08-20 16:26:23'),(129,1,1,'Private Jobs','2020-08-20 17:21:48','2020-08-20 17:21:48'),(131,127,1,'Private Jobs','2020-08-20 17:44:21','2020-08-20 17:44:21');
/*!40000 ALTER TABLE `occupation_preference` ENABLE KEYS */;
UNLOCK TABLES;

--
-- Table structure for table `occupations`
--

DROP TABLE IF EXISTS `occupations`;
/*!40101 SET @saved_cs_client     = @@character_set_client */;
/*!50503 SET character_set_client = utf8mb4 */;
CREATE TABLE `occupations` (
  `id` bigint unsigned NOT NULL AUTO_INCREMENT,
  `name` varchar(200) COLLATE utf8mb4_unicode_ci NOT NULL,
  `created_at` timestamp NULL DEFAULT NULL,
  `updated_at` timestamp NULL DEFAULT NULL,
  `deleted_at` timestamp NULL DEFAULT NULL,
  PRIMARY KEY (`id`)
) ENGINE=InnoDB AUTO_INCREMENT=4 DEFAULT CHARSET=utf8mb4 COLLATE=utf8mb4_unicode_ci;
/*!40101 SET character_set_client = @saved_cs_client */;

--
-- Dumping data for table `occupations`
--

LOCK TABLES `occupations` WRITE;
/*!40000 ALTER TABLE `occupations` DISABLE KEYS */;
INSERT INTO `occupations` VALUES (1,'Private Job','2020-08-20 16:26:05','2020-08-20 16:26:05',NULL),(2,'Government Job','2020-08-20 16:26:05','2020-08-20 16:26:05',NULL),(3,'Business','2020-08-20 16:26:05','2020-08-20 16:26:05',NULL);
/*!40000 ALTER TABLE `occupations` ENABLE KEYS */;
UNLOCK TABLES;

--
-- Table structure for table `partner_preferences`
--

DROP TABLE IF EXISTS `partner_preferences`;
/*!40101 SET @saved_cs_client     = @@character_set_client */;
/*!50503 SET character_set_client = utf8mb4 */;
CREATE TABLE `partner_preferences` (
  `id` bigint unsigned NOT NULL AUTO_INCREMENT,
  `user_id` bigint unsigned NOT NULL,
  `min_income` varchar(200) COLLATE utf8mb4_unicode_ci NOT NULL,
  `max_income` varchar(200) COLLATE utf8mb4_unicode_ci NOT NULL,
  `mangalik` enum('YES','NO','BOTH') COLLATE utf8mb4_unicode_ci NOT NULL,
  `created_at` timestamp NULL DEFAULT NULL,
  `updated_at` timestamp NULL DEFAULT NULL,
  `deleted_at` timestamp NULL DEFAULT NULL,
  PRIMARY KEY (`id`),
  KEY `partner_preferences_user_id_foreign` (`user_id`),
  CONSTRAINT `partner_preferences_user_id_foreign` FOREIGN KEY (`user_id`) REFERENCES `users` (`id`) ON DELETE CASCADE
) ENGINE=InnoDB AUTO_INCREMENT=128 DEFAULT CHARSET=utf8mb4 COLLATE=utf8mb4_unicode_ci;
/*!40101 SET character_set_client = @saved_cs_client */;

--
-- Dumping data for table `partner_preferences`
--

LOCK TABLES `partner_preferences` WRITE;
/*!40000 ALTER TABLE `partner_preferences` DISABLE KEYS */;
INSERT INTO `partner_preferences` VALUES (1,2,'245797','518484','NO','2020-08-20 16:26:06','2020-08-20 16:26:06',NULL),(2,3,'342621','1191863','YES','2020-08-20 16:26:06','2020-08-20 16:26:06',NULL),(3,4,'381403','1831825','BOTH','2020-08-20 16:26:06','2020-08-20 16:26:06',NULL),(4,5,'284399','633028','YES','2020-08-20 16:26:06','2020-08-20 16:26:06',NULL),(5,6,'273610','971138','YES','2020-08-20 16:26:06','2020-08-20 16:26:06',NULL),(6,7,'320830','1374827','NO','2020-08-20 16:26:06','2020-08-20 16:26:06',NULL),(7,8,'214978','1025511','YES','2020-08-20 16:26:07','2020-08-20 16:26:07',NULL),(8,9,'357887','1428612','NO','2020-08-20 16:26:07','2020-08-20 16:26:07',NULL),(9,10,'397285','1933638','YES','2020-08-20 16:26:07','2020-08-20 16:26:07',NULL),(10,11,'251324','1700617','NO','2020-08-20 16:26:07','2020-08-20 16:26:07',NULL),(11,12,'448509','743997','NO','2020-08-20 16:26:07','2020-08-20 16:26:07',NULL),(12,13,'310168','500841','BOTH','2020-08-20 16:26:07','2020-08-20 16:26:07',NULL),(13,14,'212074','1234982','NO','2020-08-20 16:26:07','2020-08-20 16:26:07',NULL),(14,15,'377354','799336','BOTH','2020-08-20 16:26:07','2020-08-20 16:26:07',NULL),(15,16,'112302','1072119','YES','2020-08-20 16:26:08','2020-08-20 16:26:08',NULL),(16,17,'474546','1278314','BOTH','2020-08-20 16:26:08','2020-08-20 16:26:08',NULL),(17,18,'200465','841541','YES','2020-08-20 16:26:08','2020-08-20 16:26:08',NULL),(18,19,'277847','1202313','BOTH','2020-08-20 16:26:08','2020-08-20 16:26:08',NULL),(19,20,'371683','1530490','BOTH','2020-08-20 16:26:08','2020-08-20 16:26:08',NULL),(20,21,'408648','1863536','YES','2020-08-20 16:26:08','2020-08-20 16:26:08',NULL),(21,22,'210469','1182619','BOTH','2020-08-20 16:26:08','2020-08-20 16:26:08',NULL),(22,23,'123258','1010047','BOTH','2020-08-20 16:26:09','2020-08-20 16:26:09',NULL),(23,24,'474945','1556504','BOTH','2020-08-20 16:26:09','2020-08-20 16:26:09',NULL),(24,25,'381317','1607625','NO','2020-08-20 16:26:09','2020-08-20 16:26:09',NULL),(25,26,'190491','550615','YES','2020-08-20 16:26:09','2020-08-20 16:26:09',NULL),(26,27,'355223','1163459','YES','2020-08-20 16:26:09','2020-08-20 16:26:09',NULL),(27,28,'227851','1428680','NO','2020-08-20 16:26:09','2020-08-20 16:26:09',NULL),(28,29,'234090','1137092','BOTH','2020-08-20 16:26:09','2020-08-20 16:26:09',NULL),(29,30,'429712','1772557','BOTH','2020-08-20 16:26:09','2020-08-20 16:26:09',NULL),(30,31,'171814','650520','NO','2020-08-20 16:26:10','2020-08-20 16:26:10',NULL),(31,32,'281340','1564788','YES','2020-08-20 16:26:10','2020-08-20 16:26:10',NULL),(32,33,'337162','1709453','BOTH','2020-08-20 16:26:10','2020-08-20 16:26:10',NULL),(33,34,'110788','1291017','NO','2020-08-20 16:26:10','2020-08-20 16:26:10',NULL),(34,35,'257959','819539','NO','2020-08-20 16:26:10','2020-08-20 16:26:10',NULL),(35,36,'436357','1992206','BOTH','2020-08-20 16:26:10','2020-08-20 16:26:10',NULL),(36,37,'248580','1269073','BOTH','2020-08-20 16:26:10','2020-08-20 16:26:10',NULL),(37,38,'401795','921701','BOTH','2020-08-20 16:26:11','2020-08-20 16:26:11',NULL),(38,39,'453678','563476','BOTH','2020-08-20 16:26:11','2020-08-20 16:26:11',NULL),(39,40,'123100','528770','YES','2020-08-20 16:26:11','2020-08-20 16:26:11',NULL),(40,41,'227862','1266746','NO','2020-08-20 16:26:11','2020-08-20 16:26:11',NULL),(41,42,'182655','1708108','NO','2020-08-20 16:26:11','2020-08-20 16:26:11',NULL),(42,43,'200740','947186','BOTH','2020-08-20 16:26:11','2020-08-20 16:26:11',NULL),(43,44,'228877','1462062','YES','2020-08-20 16:26:11','2020-08-20 16:26:11',NULL),(44,45,'235155','1590696','BOTH','2020-08-20 16:26:12','2020-08-20 16:26:12',NULL),(45,46,'422876','1312966','NO','2020-08-20 16:26:12','2020-08-20 16:26:12',NULL),(46,47,'385765','744896','YES','2020-08-20 16:26:12','2020-08-20 16:26:12',NULL),(47,48,'331832','1355903','YES','2020-08-20 16:26:12','2020-08-20 16:26:12',NULL),(48,49,'145319','1538593','YES','2020-08-20 16:26:12','2020-08-20 16:26:12',NULL),(49,50,'151448','938853','YES','2020-08-20 16:26:12','2020-08-20 16:26:12',NULL),(50,51,'116509','1695846','YES','2020-08-20 16:26:12','2020-08-20 16:26:12',NULL),(51,52,'100911','1332196','NO','2020-08-20 16:26:13','2020-08-20 16:26:13',NULL),(52,53,'220438','1369934','NO','2020-08-20 16:26:13','2020-08-20 16:26:13',NULL),(53,54,'477093','882299','BOTH','2020-08-20 16:26:13','2020-08-20 16:26:13',NULL),(54,55,'418796','645695','YES','2020-08-20 16:26:13','2020-08-20 16:26:13',NULL),(55,56,'460821','1497811','NO','2020-08-20 16:26:13','2020-08-20 16:26:13',NULL),(56,57,'442721','1951929','NO','2020-08-20 16:26:13','2020-08-20 16:26:13',NULL),(57,58,'155685','816019','BOTH','2020-08-20 16:26:13','2020-08-20 16:26:13',NULL),(58,59,'115325','972189','NO','2020-08-20 16:26:14','2020-08-20 16:26:14',NULL),(59,60,'221638','1485084','NO','2020-08-20 16:26:14','2020-08-20 16:26:14',NULL),(60,61,'261818','1971999','YES','2020-08-20 16:26:14','2020-08-20 16:26:14',NULL),(61,62,'120153','536534','YES','2020-08-20 16:26:14','2020-08-20 16:26:14',NULL),(62,63,'343510','961197','NO','2020-08-20 16:26:14','2020-08-20 16:26:14',NULL),(63,64,'337590','639084','NO','2020-08-20 16:26:14','2020-08-20 16:26:14',NULL),(64,65,'262242','1973050','NO','2020-08-20 16:26:14','2020-08-20 16:26:14',NULL),(65,66,'484605','1378908','YES','2020-08-20 16:26:15','2020-08-20 16:26:15',NULL),(66,67,'219371','1130086','YES','2020-08-20 16:26:15','2020-08-20 16:26:15',NULL),(67,68,'111459','666512','YES','2020-08-20 16:26:15','2020-08-20 16:26:15',NULL),(68,69,'238478','1645945','NO','2020-08-20 16:26:15','2020-08-20 16:26:15',NULL),(69,70,'166947','1827443','YES','2020-08-20 16:26:15','2020-08-20 16:26:15',NULL),(70,71,'264255','533804','BOTH','2020-08-20 16:26:15','2020-08-20 16:26:15',NULL),(71,72,'410104','1041942','NO','2020-08-20 16:26:15','2020-08-20 16:26:15',NULL),(72,73,'240635','1356696','BOTH','2020-08-20 16:26:16','2020-08-20 16:26:16',NULL),(73,74,'144932','994661','YES','2020-08-20 16:26:16','2020-08-20 16:26:16',NULL),(74,75,'396368','1337577','YES','2020-08-20 16:26:16','2020-08-20 16:26:16',NULL),(75,76,'459380','758177','BOTH','2020-08-20 16:26:16','2020-08-20 16:26:16',NULL),(76,77,'330500','1777954','YES','2020-08-20 16:26:16','2020-08-20 16:26:16',NULL),(77,78,'425052','938486','BOTH','2020-08-20 16:26:16','2020-08-20 16:26:16',NULL),(78,79,'145046','1391609','NO','2020-08-20 16:26:16','2020-08-20 16:26:16',NULL),(79,80,'484272','524196','NO','2020-08-20 16:26:17','2020-08-20 16:26:17',NULL),(80,81,'175821','1528737','NO','2020-08-20 16:26:17','2020-08-20 16:26:17',NULL),(81,82,'443400','989044','BOTH','2020-08-20 16:26:17','2020-08-20 16:26:17',NULL),(82,83,'375670','1522839','BOTH','2020-08-20 16:26:17','2020-08-20 16:26:17',NULL),(83,84,'446060','1097313','YES','2020-08-20 16:26:17','2020-08-20 16:26:17',NULL),(84,85,'340165','688262','NO','2020-08-20 16:26:17','2020-08-20 16:26:17',NULL),(85,86,'105239','1880545','BOTH','2020-08-20 16:26:17','2020-08-20 16:26:17',NULL),(86,87,'241048','972174','YES','2020-08-20 16:26:18','2020-08-20 16:26:18',NULL),(87,88,'461283','1000876','NO','2020-08-20 16:26:18','2020-08-20 16:26:18',NULL),(88,89,'230496','1749141','BOTH','2020-08-20 16:26:18','2020-08-20 16:26:18',NULL),(89,90,'249181','674331','NO','2020-08-20 16:26:18','2020-08-20 16:26:18',NULL),(90,91,'370378','1231760','YES','2020-08-20 16:26:18','2020-08-20 16:26:18',NULL),(91,92,'140071','924636','BOTH','2020-08-20 16:26:18','2020-08-20 16:26:18',NULL),(92,93,'225652','1061252','YES','2020-08-20 16:26:18','2020-08-20 16:26:18',NULL),(93,94,'462864','622946','YES','2020-08-20 16:26:18','2020-08-20 16:26:18',NULL),(94,95,'123396','1997177','BOTH','2020-08-20 16:26:19','2020-08-20 16:26:19',NULL),(95,96,'479722','1041999','YES','2020-08-20 16:26:19','2020-08-20 16:26:19',NULL),(96,97,'357600','859185','YES','2020-08-20 16:26:19','2020-08-20 16:26:19',NULL),(97,98,'363659','1121806','NO','2020-08-20 16:26:19','2020-08-20 16:26:19',NULL),(98,99,'379663','1538076','YES','2020-08-20 16:26:19','2020-08-20 16:26:19',NULL),(99,100,'196165','1419952','YES','2020-08-20 16:26:19','2020-08-20 16:26:19',NULL),(100,101,'397856','958214','BOTH','2020-08-20 16:26:20','2020-08-20 16:26:20',NULL),(101,102,'296256','838358','YES','2020-08-20 16:26:20','2020-08-20 16:26:20',NULL),(102,103,'461676','1785844','YES','2020-08-20 16:26:20','2020-08-20 16:26:20',NULL),(103,104,'105630','1367330','YES','2020-08-20 16:26:20','2020-08-20 16:26:20',NULL),(104,105,'148434','1360172','NO','2020-08-20 16:26:20','2020-08-20 16:26:20',NULL),(105,106,'461878','848057','BOTH','2020-08-20 16:26:20','2020-08-20 16:26:20',NULL),(106,107,'427603','642593','NO','2020-08-20 16:26:20','2020-08-20 16:26:20',NULL),(107,108,'157133','634173','YES','2020-08-20 16:26:20','2020-08-20 16:26:20',NULL),(108,109,'262397','1663377','BOTH','2020-08-20 16:26:21','2020-08-20 16:26:21',NULL),(109,110,'303499','1765602','BOTH','2020-08-20 16:26:21','2020-08-20 16:26:21',NULL),(110,111,'324396','1312636','YES','2020-08-20 16:26:21','2020-08-20 16:26:21',NULL),(111,112,'267482','1282386','YES','2020-08-20 16:26:21','2020-08-20 16:26:21',NULL),(112,113,'149898','1713554','BOTH','2020-08-20 16:26:21','2020-08-20 16:26:21',NULL),(113,114,'153455','729094','BOTH','2020-08-20 16:26:21','2020-08-20 16:26:21',NULL),(114,115,'170111','1138977','NO','2020-08-20 16:26:22','2020-08-20 16:26:22',NULL),(115,116,'269242','710382','BOTH','2020-08-20 16:26:22','2020-08-20 16:26:22',NULL),(116,117,'450347','534424','NO','2020-08-20 16:26:22','2020-08-20 16:26:22',NULL),(117,118,'241205','1060086','BOTH','2020-08-20 16:26:22','2020-08-20 16:26:22',NULL),(118,119,'155340','1006289','NO','2020-08-20 16:26:22','2020-08-20 16:26:22',NULL),(119,120,'410266','1141351','YES','2020-08-20 16:26:22','2020-08-20 16:26:22',NULL),(120,121,'102705','1947679','BOTH','2020-08-20 16:26:22','2020-08-20 16:26:22',NULL),(121,122,'430803','1267320','NO','2020-08-20 16:26:23','2020-08-20 16:26:23',NULL),(122,123,'477648','1307161','NO','2020-08-20 16:26:23','2020-08-20 16:26:23',NULL),(123,124,'356497','777368','YES','2020-08-20 16:26:23','2020-08-20 16:26:23',NULL),(124,125,'474633','1926371','NO','2020-08-20 16:26:23','2020-08-20 16:26:23',NULL),(125,126,'328964','909928','BOTH','2020-08-20 16:26:23','2020-08-20 16:26:23',NULL),(126,1,'100000','2000000','BOTH','2020-08-20 16:26:46','2020-08-20 17:31:25',NULL),(127,127,'150000','2000000','BOTH','2020-08-20 17:44:21','2020-08-20 17:44:21',NULL);
/*!40000 ALTER TABLE `partner_preferences` ENABLE KEYS */;
UNLOCK TABLES;

--
-- Table structure for table `password_resets`
--

DROP TABLE IF EXISTS `password_resets`;
/*!40101 SET @saved_cs_client     = @@character_set_client */;
/*!50503 SET character_set_client = utf8mb4 */;
CREATE TABLE `password_resets` (
  `email` varchar(200) COLLATE utf8mb4_unicode_ci NOT NULL,
  `token` varchar(200) COLLATE utf8mb4_unicode_ci NOT NULL,
  `created_at` timestamp NULL DEFAULT NULL,
  KEY `password_resets_email_index` (`email`)
) ENGINE=InnoDB DEFAULT CHARSET=utf8mb4 COLLATE=utf8mb4_unicode_ci;
/*!40101 SET character_set_client = @saved_cs_client */;

--
-- Dumping data for table `password_resets`
--

LOCK TABLES `password_resets` WRITE;
/*!40000 ALTER TABLE `password_resets` DISABLE KEYS */;
/*!40000 ALTER TABLE `password_resets` ENABLE KEYS */;
UNLOCK TABLES;

--
-- Table structure for table `users`
--

DROP TABLE IF EXISTS `users`;
/*!40101 SET @saved_cs_client     = @@character_set_client */;
/*!50503 SET character_set_client = utf8mb4 */;
CREATE TABLE `users` (
  `id` bigint unsigned NOT NULL AUTO_INCREMENT,
  `first_name` varchar(200) COLLATE utf8mb4_unicode_ci NOT NULL,
  `last_name` varchar(200) COLLATE utf8mb4_unicode_ci NOT NULL,
  `email` varchar(200) COLLATE utf8mb4_unicode_ci NOT NULL,
  `email_verified_at` timestamp NULL DEFAULT NULL,
  `password` varchar(200) COLLATE utf8mb4_unicode_ci NOT NULL,
  `date_of_birth` date NOT NULL,
  `gender` enum('MALE','FEMALE') COLLATE utf8mb4_unicode_ci NOT NULL,
  `annual_income` varchar(200) COLLATE utf8mb4_unicode_ci NOT NULL,
  `occupation_id` bigint NOT NULL,
  `family_type_id` bigint NOT NULL,
  `mangalik` enum('YES','NO') COLLATE utf8mb4_unicode_ci NOT NULL,
  `avatar` text COLLATE utf8mb4_unicode_ci,
  `role` enum('ADMIN','MANAGER','SUBSCRIBER') COLLATE utf8mb4_unicode_ci NOT NULL DEFAULT 'SUBSCRIBER',
  `remember_token` varchar(100) COLLATE utf8mb4_unicode_ci DEFAULT NULL,
  `created_at` timestamp NULL DEFAULT NULL,
  `updated_at` timestamp NULL DEFAULT NULL,
  `deleted_at` timestamp NULL DEFAULT NULL,
  PRIMARY KEY (`id`),
  UNIQUE KEY `users_email_unique` (`email`)
) ENGINE=InnoDB AUTO_INCREMENT=128 DEFAULT CHARSET=utf8mb4 COLLATE=utf8mb4_unicode_ci;
/*!40101 SET character_set_client = @saved_cs_client */;

--
-- Dumping data for table `users`
--

LOCK TABLES `users` WRITE;
/*!40000 ALTER TABLE `users` DISABLE KEYS */;
INSERT INTO `users` VALUES (1,'Kuldip','Satpute','satputekuldip@gmail.com','2020-08-20 16:26:05','$2y$10$VTt6JNo4rUSklcJj4NdAXucoWE4/G7/IQje0X2z/93e6mMhXte0su','1995-03-29','MALE','500000',3,2,'NO','/img/theme/team-1.jpg','SUBSCRIBER','hy6KPvpDLcuwftv0rbAJGBN9XysLxX5SIszcf50qzW2o2h6Zh5A8ld728kcM','2020-08-20 16:26:05','2020-08-20 16:26:05',NULL),(2,'Frederic','Batz','Robin.Ward4@lifepartner.com','1992-08-05 12:55:09','$2y$10$Ms0dMxiEXsJU9jSmSGSjYugLqSGb0HxMdtN4UPHirLd253j/yGi62','1991-11-17','MALE','671446',3,1,'NO','/storage/profiles/Vnm4aweBwPA.jpg','SUBSCRIBER',NULL,'2000-03-04 16:27:11','2019-10-27 20:12:29',NULL),(3,'Gregg','Kilback','Marcellus.Mante7@lifepartner.com','1993-12-05 02:55:24','$2y$10$l5Ma7nFhQkZrMed7GgUDzuR1tqFbDwrB871DY813pOyYXVuQ4o5Au','1985-10-23','MALE','1352200',2,2,'NO','/storage/profiles/VHRIoHthrPk.jpg','SUBSCRIBER',NULL,'1976-11-06 07:27:26','1974-03-15 16:44:14',NULL),(4,'Felton','Little','Judah.Haag7@lifepartner.com','1987-06-24 09:23:08','$2y$10$xcKNdPNBkZvN.pnwF/tf6OFcNFAvq1blHK4T6rvuXUEwWeL2npVCC','1999-02-11','MALE','370576',3,1,'NO','/storage/profiles/lb_RMr9gLXQ.jpg','SUBSCRIBER',NULL,'1996-03-07 22:53:20','1971-09-07 23:54:09',NULL),(5,'Amos','Schneider','Jaron.Hettinger5@lifepartner.com','2002-10-14 21:48:35','$2y$10$7aZr1CUyNp4Zw5aj0fcyoeI0pIgRuw7NPH.9S5WdlYzTikV7wJF0u','1997-10-23','MALE','1052656',1,1,'YES','/storage/profiles/ugqB9PoKDBw.jpg','SUBSCRIBER',NULL,'1982-08-31 02:12:00','2016-08-06 00:51:58',NULL),(6,'Graham','Kuvalis','Russ.Crona6@lifepartner.com','1995-05-21 12:21:27','$2y$10$hQVTPc2cDLdGCAMaeItGrOkjgLB.6la.pC8t73XdM7df/ctRkCflK','1988-04-29','MALE','498194',3,1,'NO','/storage/profiles/lFzsXAqL72Q.jpg','SUBSCRIBER',NULL,'2006-07-22 10:07:14','1989-08-03 07:19:42',NULL),(7,'Rodrigo','Walker','Colin.Hegmann5@lifepartner.com','2003-02-16 21:39:20','$2y$10$royB7ETVOnCs20dnkXS6Aug1IYIvtBbeFgeTLzHGxCHCcuoZm7aSq','1990-06-07','MALE','875657',3,2,'NO','/storage/profiles/25vFYp7FCx4.jpg','SUBSCRIBER',NULL,'2002-04-13 17:14:40','2007-12-06 02:50:43',NULL),(8,'Alessandro','Hodkiewicz','Izaiah.Hand2@lifepartner.com','2005-05-06 13:30:49','$2y$10$kZi8PrHD1aRpmIssRe.XEOdQdEOWtWBVifJuI4YlIFKwErBK0HWKS','2000-08-15','MALE','359833',3,1,'YES','/storage/profiles/vhQZXB5nL3o.jpg','SUBSCRIBER',NULL,'1990-06-01 15:14:35','2000-10-01 18:13:37',NULL),(9,'Johan','Welch','Davin.Cormier3@lifepartner.com','1974-01-22 11:44:11','$2y$10$Z3zi3vfTift7rwheYN1R0Ol6po.FLC03dygHR1tqvb0.QWlLkLiTa','1998-11-03','MALE','1763597',3,2,'NO','/storage/profiles/MFxD_DqaCfA.jpg','SUBSCRIBER',NULL,'1980-12-02 05:40:55','1988-01-19 09:35:47',NULL),(10,'Zackary','Zieme','Dawson.Gottlieb0@lifepartner.com','2020-07-29 16:51:48','$2y$10$rCknj1jrgp3PED7HwjRR6ukfC.5hA36iZAn4Y2feOktvtzHoAqsFa','2002-08-06','MALE','616686',1,2,'NO','/storage/profiles/_pmviJQ3mb0.jpg','SUBSCRIBER',NULL,'2019-03-01 21:27:56','1994-10-15 02:29:51',NULL),(11,'Brady','Schultz','Grover.Bogan8@lifepartner.com','2017-04-21 23:18:06','$2y$10$EhtWe9Y6.WSTl.ScUW3FpOQOrl7RqirbzDiv4R8/vnJDAtMO.YUL2','1999-10-16','MALE','349600',3,2,'NO','/storage/profiles/RknsWEMVpIA.jpg','SUBSCRIBER',NULL,'1987-01-02 02:07:05','1983-06-05 12:42:04',NULL),(12,'Lamont','Sanford','Horace.Murray7@lifepartner.com','2005-05-27 08:38:38','$2y$10$8Wjf9imdrDrV6LFfOqHE/ue52dDbf61/o/8Q2Ao93TXHsk4LjonO2','1991-02-06','MALE','116977',3,1,'NO','/storage/profiles/5vg_SarQimA.jpg','SUBSCRIBER',NULL,'1998-10-06 05:34:37','2005-01-27 20:45:20',NULL),(13,'Abdiel','Rosenbaum','Tyrell.Hilpert2@lifepartner.com','1973-02-04 04:16:19','$2y$10$1sBgwo2alduRuuwfUFY4wuHtg9NailbFWkKcr383p3gOYhcQN8XKq','1988-12-07','MALE','648288',3,2,'YES','/storage/profiles/TYkPYo81LAg.jpg','SUBSCRIBER',NULL,'2010-04-10 21:14:55','2013-09-21 22:08:09',NULL),(14,'Seth','Collier','Emmet.Cronin5@lifepartner.com','1977-03-31 20:14:21','$2y$10$MFZDPC3Yhu7WEZ6sbsD.reoKxWnY.5ZzT8z5b1hBTAXatKzqhAUlW','1994-03-29','MALE','1721152',1,1,'NO','/storage/profiles/ycrlg4D79aw.jpg','SUBSCRIBER',NULL,'2015-07-30 16:15:42','1992-09-18 08:22:12',NULL),(15,'Jared','Blanda','Austyn.Effertz7@lifepartner.com','2015-06-22 08:44:05','$2y$10$UxK4ocx5T2l8emM3RqhgSuJKaqdfX9yW0doK.glGaCfxdcHp/AYea','1988-09-19','MALE','1932783',1,2,'YES','/storage/profiles/RK4iz-8hJPg.jpg','SUBSCRIBER',NULL,'1995-03-11 22:09:29','1992-07-30 10:45:24',NULL),(16,'Elwyn','Ratke','Hipolito.Wilkinson4@lifepartner.com','2005-11-11 04:43:06','$2y$10$mt1hEAzZGILuT9OeIxSOyu/mtQ6jQyPIlIngaetRxNWJRZMJmPYH.','1995-01-11','MALE','1190714',3,2,'YES','/storage/profiles/FsWi0sBoi8c.jpg','SUBSCRIBER',NULL,'2012-03-10 06:46:51','2019-06-15 21:11:03',NULL),(17,'Mekhi','Powlowski','Horace.Kassulke8@lifepartner.com','2012-06-30 03:18:30','$2y$10$eRfNqQz.qC0jf3g6sLrIJunIA/UN1r9zi/fUUl8NsdOD3u0uTxlSC','1990-09-26','MALE','1166610',3,2,'YES','/storage/profiles/KchIV_GDy6U.jpg','SUBSCRIBER',NULL,'1982-01-22 18:20:44','1983-03-18 06:37:33',NULL),(18,'Cary','Weissnat','Tyler.Witting4@lifepartner.com','1997-01-03 17:44:25','$2y$10$u66FBsmp/zqZsiEbWkZhue.A7pgnKBpEZjEHKPPD4NIsEIF96130m','1987-05-28','MALE','341849',1,1,'YES','/storage/profiles/tidSLv-UaNs.jpg','SUBSCRIBER',NULL,'1979-11-15 13:56:38','1971-01-19 02:10:22',NULL),(19,'Amir','Kuphal','Vincent.Bruen2@lifepartner.com','2005-08-12 13:54:31','$2y$10$g1CgiW/ByppkonX/Q3ORdO0kd.gYOJdcKRQxwRM/AX/RCsanntrAK','1999-08-01','MALE','420312',3,2,'YES','/storage/profiles/aJFyz-GeWCU.jpg','SUBSCRIBER',NULL,'1973-04-18 00:32:14','2016-12-03 23:13:02',NULL),(20,'Ned','Emmerich','Hunter.Sipes5@lifepartner.com','1972-07-07 03:36:24','$2y$10$O939pr8gDdKyX6N7tqPi6erEsifKdD2a5pcrgEnJekxNQPE612pKS','1988-04-12','MALE','1167064',1,2,'NO','/storage/profiles/KtX22uFwAzI.jpg','SUBSCRIBER',NULL,'1984-10-07 01:10:31','2019-01-31 04:20:34',NULL),(21,'Henry','Bailey','Stuart.Stamm1@lifepartner.com','1978-04-21 15:04:38','$2y$10$NmTKe8IM5XbcsX5POEnXW.8fv8P7yJfv4eogO4/xjDLNiG4rb1iTy','1985-12-03','MALE','195574',2,1,'NO','/storage/profiles/QSP5Ji71IHs.jpg','SUBSCRIBER',NULL,'2013-04-24 11:52:27','1970-10-22 15:04:43',NULL),(22,'Eriberto','Kassulke','Wilton.Klein7@lifepartner.com','2004-01-28 22:57:31','$2y$10$RSQmtVyTgzHb7q8//oJg7eQOYa2/cyG48vVLnBt4fO9BSqSLEHGVi','1999-05-02','MALE','1265932',3,1,'NO','/storage/profiles/q1ath1kYV-c.jpg','SUBSCRIBER',NULL,'1996-08-23 20:42:36','1974-11-12 22:53:21',NULL),(23,'Jarvis','Leuschke','Jeramie.Carroll3@lifepartner.com','1970-12-21 17:30:49','$2y$10$JXQXfacnVoXC/OrTi9z.YuA4WQGELR9n/4nxjjHGFrYvU0vOdRkAS','1990-12-03','MALE','1172983',2,1,'NO','/storage/profiles/2t-ydzD385M.jpg','SUBSCRIBER',NULL,'2011-06-12 22:33:23','1996-05-17 15:36:32',NULL),(24,'Marcos','Rogahn','Giovanny.Lemke7@lifepartner.com','2004-02-05 02:14:26','$2y$10$e2b/FdJ5xSUIOLd7YqB.ZeHxyuxtQXz/0JgRQCUCF3lBp2KOCzfvS','1991-05-09','MALE','393851',3,1,'YES','/storage/profiles/bJg9BL8J8_U.jpg','SUBSCRIBER',NULL,'1983-03-01 22:53:50','1972-07-09 20:04:24',NULL),(25,'Salvador','Gerlach','Domenic.Gerhold4@lifepartner.com','1981-12-17 09:52:12','$2y$10$L2jCltgfaJsA1HXR56XRjOdWuWkehvNQO88HV4w1lbTEOvlwVGPua','1989-07-24','MALE','1696674',3,1,'YES','/storage/profiles/m0XXXc8jufc.jpg','SUBSCRIBER',NULL,'1983-07-23 18:26:22','2015-01-01 00:15:59',NULL),(26,'Kaley','Mraz','Major.Schaden0@lifepartner.com','1984-04-15 13:58:14','$2y$10$dVhUAHEtPwmXRsU5uKphEOueUoQ4TgtL0Hxx6oi9ovQ0A4HtDdmoe','1997-02-05','MALE','611189',1,1,'NO','/storage/profiles/KvCOWzhcGCc.jpg','SUBSCRIBER',NULL,'1978-06-27 20:21:01','1998-03-14 02:10:09',NULL),(27,'Alphonso','Kiehn','Eddie.Wolff0@lifepartner.com','2012-07-07 01:38:07','$2y$10$vy1X.yXGUyFcoEfVJ2IWvOf1R21sWvZk6W4./tLrzgWVdm.FNUJt2','1999-07-21','MALE','1697523',2,1,'NO','/storage/profiles/Z7b2Px6yT40.jpg','SUBSCRIBER',NULL,'1998-05-31 15:19:53','1989-12-29 03:37:43',NULL),(28,'Josue','Cassin','Darrin.Romaguera6@lifepartner.com','1999-01-02 08:59:32','$2y$10$RJHLSVubGIfPDTeIUZWZNOASFhQm5/720uQmtA8YS.m8BVt8k/YI6','1992-12-29','MALE','340955',2,2,'NO','/storage/profiles/s6e4IeinD7k.jpg','SUBSCRIBER',NULL,'1990-03-09 13:30:40','1971-06-26 13:19:22',NULL),(29,'Colton','Corkery','Nasir.Greenholt7@lifepartner.com','1992-01-11 09:43:34','$2y$10$47h8vV2BQyN31a59IyWdFO7yGIsC64A0XiZqyEmcJvPcfsj1HZgh.','1999-01-29','MALE','470279',2,2,'NO','/storage/profiles/ZHvM3XIOHoE.jpg','SUBSCRIBER',NULL,'2010-11-09 19:31:17','2019-02-04 16:27:42',NULL),(30,'Herminio','Batz','Guido.Herman3@lifepartner.com','2014-12-23 17:45:36','$2y$10$eXbllsbemXaXM/.RygLZkeOOshrNP8ZCBJl4C/.IyO3f5DLVJEI.e','1998-12-31','MALE','843976',2,1,'NO','/storage/profiles/gAkOj-FbEBM.jpg','SUBSCRIBER',NULL,'1976-01-23 05:52:04','1997-06-08 15:39:28',NULL),(31,'Gay','Koelpin','Derek.Spencer5@lifepartner.com','1975-12-25 10:45:31','$2y$10$6RKVz/9Axwdlt1fGdLIDCeN1XrUSEA1j9maTosSQI560v9c6sDxHO','1993-04-28','MALE','145309',1,2,'NO','/storage/profiles/vmBik4xv27s.jpg','SUBSCRIBER',NULL,'2020-07-27 23:36:33','1989-11-14 21:15:59',NULL),(32,'Darrin','Becker','Christ.Yost7@lifepartner.com','2008-07-16 15:21:35','$2y$10$SrtR1ByoOBCBRrYXsqDOdeo52vTVwnH3./2azVPqFSZPm7UthhEtm','2001-03-29','MALE','1634615',1,1,'NO','/storage/profiles/eiZt5QiEQ5Y.jpg','SUBSCRIBER',NULL,'2010-03-10 10:41:21','1993-10-23 13:27:08',NULL),(33,'Ben','Bradtke','Jerrell.Crona8@lifepartner.com','2001-05-29 03:47:54','$2y$10$Sv06oyKIfR0Qqni5WTYh0.Wevh0c.iu794c.mARc6s9g6eJUeKJUq','1997-12-26','MALE','1514109',1,1,'YES','/storage/profiles/xnN7N0dxpEQ.jpg','SUBSCRIBER',NULL,'2007-01-05 00:02:10','1971-02-10 06:57:15',NULL),(34,'Kennedi','Franecki','Jorge.Davis8@lifepartner.com','1985-10-31 22:18:52','$2y$10$SszOpEGWuspxG4.riR0v8uzbHdnj8WxMC9bX4XB.WSQit/5AfmDnq','1995-11-30','MALE','1009476',3,1,'YES','/storage/profiles/pHFomzCEwQU.jpg','SUBSCRIBER',NULL,'2010-02-15 02:32:44','1978-12-09 13:45:22',NULL),(35,'Chad','Douglas','Harrison.Becker0@lifepartner.com','1984-05-24 01:50:39','$2y$10$uFttx61O4UFSNqVP50dxCudM8cGujmFTPlkugLXZmgALEC1H7kbfm','1990-10-26','MALE','1587741',3,1,'NO','/storage/profiles/a6PMA5JEmWE.jpg','SUBSCRIBER',NULL,'1977-09-24 06:48:43','1996-04-24 22:18:08',NULL),(36,'Joany','Farrell','Clement.Grady4@lifepartner.com','1973-01-30 13:46:10','$2y$10$Sx39E7PAIr1puXJ/Hg7XpOYW.3eNt9PtrDkTvpkDK3L27ewC5Tr4i','1992-10-04','MALE','123940',1,2,'YES','/storage/profiles/03hzyvgNhYk.jpg','SUBSCRIBER',NULL,'1991-03-10 11:25:25','2009-12-30 00:41:05',NULL),(37,'Erik','Baumbach','Maximus.Ryan4@lifepartner.com','2005-01-14 20:15:43','$2y$10$g.VtlNG40NfdhBQAh3Dy9OLWo8Mkdc9BHsus5zoH3ShuPduQsrdfi','1998-05-28','MALE','771719',2,2,'YES','/storage/profiles/UcgYvGPqQQ8.jpg','SUBSCRIBER',NULL,'1978-04-10 12:36:13','2006-04-12 02:25:00',NULL),(38,'Julien','Cormier','Jonathon.Schaefer6@lifepartner.com','1996-12-24 03:11:22','$2y$10$OSSBt2NjJb0sBCXgP5prbeUTUJqEkGENDNBbSFRLVg852bhybzh9G','1994-04-05','MALE','1255097',1,1,'NO','/storage/profiles/ivusCXClhMY.jpg','SUBSCRIBER',NULL,'2004-07-26 11:21:34','1995-12-22 03:02:56',NULL),(39,'Camren','Oberbrunner','Abner.Morissette2@lifepartner.com','1980-01-29 21:07:25','$2y$10$XZIG.aSgvqZ4q5MLJp4KrO95hejV2GorZQDPh.JeLQQ7NWZVYufMG','1991-04-10','MALE','1643772',2,1,'YES','/storage/profiles/wys9Jty8wNQ.jpg','SUBSCRIBER',NULL,'1991-07-20 09:37:24','1982-04-26 18:42:45',NULL),(40,'Alejandrin','Tillman','Giovanny.Simonis4@lifepartner.com','1977-09-19 18:12:00','$2y$10$ydI8A/jZhMzkeZIId4VOreRk2ig74ICI2mLeJJMFM2Bb/ZxAc/.Iu','1992-07-01','MALE','1508552',3,2,'YES','/storage/profiles/ZZAsbUp-7n8.jpg','SUBSCRIBER',NULL,'2006-05-14 13:47:42','1988-04-13 03:04:12',NULL),(41,'Robert','Heidenreich','Victor.Kub6@lifepartner.com','2012-10-14 03:55:55','$2y$10$HU6nHL2YnKIDP7l9V015P.oQXwZucrVgyJa71GJPry8XQ/W9B9bF2','1991-08-08','MALE','1076739',1,2,'NO','/storage/profiles/n4KewLKFOZw.jpg','SUBSCRIBER',NULL,'2013-02-01 07:16:28','2017-11-01 01:34:10',NULL),(42,'Dejuan','Nitzsche','Ransom.Walsh9@lifepartner.com','1987-04-17 14:00:13','$2y$10$ykQHMbIqi3Ng.4cbPC2K0upsKYevLtUU.ajTHpEs8qXTP2oCmZEo.','2002-01-07','MALE','1116386',1,1,'YES','/storage/profiles/Dw66qPk0CQs.jpg','SUBSCRIBER',NULL,'2013-09-08 04:55:30','2011-02-28 12:32:07',NULL),(43,'Don','Schultz','Wilburn.Haag1@lifepartner.com','2005-05-05 14:58:39','$2y$10$w8KmUrtXbGwdg1fJKmPXSuo/Wu8PeTzvMV1UXCrzlRmnSzCxGGZUe','1988-04-25','MALE','1534460',1,1,'NO','/storage/profiles/EMe9pXBq2MI.jpg','SUBSCRIBER',NULL,'1989-05-24 02:11:34','1980-06-11 14:10:57',NULL),(44,'Hoyt','Cole','Fritz.Morar3@lifepartner.com','2018-08-16 20:13:04','$2y$10$yovI26ju6H2xvyAt4pk2cePGpPdfQLeE9sESwaWh.mG7FSAoDQwpC','1991-02-05','MALE','493313',3,1,'NO','/storage/profiles/EgZ7vi8aSwE.jpg','SUBSCRIBER',NULL,'1993-07-04 03:54:25','1980-07-27 10:50:58',NULL),(45,'Logan','Gaylord','Sebastian.Emard9@lifepartner.com','1986-01-25 19:12:05','$2y$10$wMRyaf5hDKl/y8vOml7kMeptc7AfVYiWgoqTP0.KB0YHI9LuHx7d2','1992-02-26','MALE','1152152',1,1,'NO','/storage/profiles/R73uOEn9tio.jpg','SUBSCRIBER',NULL,'2006-11-02 18:29:31','1972-05-01 17:50:44',NULL),(46,'Vincent','Sauer','Dangelo.Hoppe6@lifepartner.com','2000-02-11 17:12:34','$2y$10$L64zLWRq86z1LpG.Ualsse0pSWrL/jTyyIbFcTNIfRJbh0SrvLnRi','1985-08-25','MALE','1052571',2,2,'NO','/storage/profiles/D0gQ1-rFZDg.jpg','SUBSCRIBER',NULL,'2012-11-15 00:01:30','2003-07-14 08:43:15',NULL),(47,'Hazel','Streich','Kenton.Bins7@lifepartner.com','1973-11-21 09:40:57','$2y$10$osWMhc.iwYsfkirfvaZF4O90U0TSTWC1LVJ1K9VUD6QVgyjXJa/3u','1992-09-19','MALE','1602025',1,1,'NO','/storage/profiles/bzhTKYhst2k.jpg','SUBSCRIBER',NULL,'2007-09-07 18:08:54','1979-08-24 06:42:44',NULL),(48,'Ulises','Cremin','Brayan.Carter2@lifepartner.com','1992-04-23 16:33:05','$2y$10$/fCwjM3CBAuf0DJvdzrF.eNKnLqsKpR8wW3yT9fQpBHZnaaiT0296','2001-01-20','MALE','376335',1,1,'YES','/storage/profiles/UFULefrxiCQ.jpg','SUBSCRIBER',NULL,'2005-07-16 16:48:48','2007-07-12 12:18:14',NULL),(49,'Cooper','Borer','Kirk.Raynor6@lifepartner.com','1973-04-27 21:23:15','$2y$10$1Q3HL77n4q7.3VJs0stu5OziXxDcooRWpX3RgMlKe35Kt5tML/woq','1991-06-07','MALE','1900844',1,1,'YES','/storage/profiles/y8yimL21z8s.jpg','SUBSCRIBER',NULL,'2005-08-05 05:43:59','2012-01-25 08:49:37',NULL),(50,'Ervin','Ferry','Garett.Huel2@lifepartner.com','2009-10-03 14:58:33','$2y$10$0fgWlXcmM2ZzamMyeelvvOH2H5hnEzLqpBoKETPK02OIH/2m14Ori','1999-11-24','MALE','987804',1,1,'YES','/storage/profiles/rKiLEqhnLps.jpg','SUBSCRIBER',NULL,'1991-09-29 03:21:21','2018-07-03 04:03:35',NULL),(51,'Sammie','Brakus','Cloyd.Abernathy0@lifepartner.com','2012-07-04 16:07:41','$2y$10$HPk5lq6NbcYX1QZ04QzXF.SY2bSuoDCcmEA.cdmRASLknKd/aAiRW','1992-03-28','MALE','1531893',2,2,'YES','/storage/profiles/XJtrI0e_P00.jpg','SUBSCRIBER',NULL,'2001-02-06 12:42:04','1981-08-23 17:56:29',NULL),(52,'Jerrod','Gislason','Elroy.Thiel4@lifepartner.com','1972-12-25 22:29:03','$2y$10$6ZhyBB6sTqdIgpsTTL9T4uV5X4mKYnj3zqHW32ztnlwGkddOJiLy6','1994-05-31','MALE','386706',3,1,'NO','/storage/profiles/l1MCA0VyNrk.jpg','SUBSCRIBER',NULL,'2006-09-02 18:32:50','1990-12-21 15:33:06',NULL),(53,'Fredy','Haag','Amparo.Haag7@lifepartner.com','2017-07-06 09:52:14','$2y$10$7f/wegEiOxkawubu4U3.VOIi.QnbMBxIFhJKkFJr./2QyYE4wHtc6','1998-05-15','MALE','469491',1,1,'NO','/storage/profiles/wFKG4bSOQGg.jpg','SUBSCRIBER',NULL,'2018-07-31 04:16:07','2014-07-26 19:42:07',NULL),(54,'Edison','Dach','Elliot.Bechtelar2@lifepartner.com','1991-06-22 03:08:39','$2y$10$GCwcgT7NC.CmNqPUPIqzy.LYiY3vbhrIE37OkS7pqyEDnGDCNod12','2001-09-15','MALE','307231',1,2,'YES','/storage/profiles/V77bosLv6xc.jpg','SUBSCRIBER',NULL,'2010-05-12 03:24:30','1988-06-03 05:16:48',NULL),(55,'Timothy','Harris','Ola.Gulgowski1@lifepartner.com','2000-12-18 20:21:34','$2y$10$dH8TtVZVKz.MfOJLQghjbenDg3CXK44IEKX/UQ94snzpz8XlQL6qq','1993-12-23','MALE','1760146',1,1,'NO','/storage/profiles/xFTQPsh_ZKg.jpg','SUBSCRIBER',NULL,'2016-11-08 04:18:04','1974-10-17 02:44:24',NULL),(56,'Rylan','Dare','Merl.Feil4@lifepartner.com','2007-10-28 00:52:28','$2y$10$d95WCWpDC/Y30FNkRanqVu.gO1JVydtl1TXQKTxcfNm6vQsGtX6lO','1987-06-17','MALE','236678',3,1,'NO','/storage/profiles/59HOrlAKTOU.jpg','SUBSCRIBER',NULL,'2009-06-22 06:24:21','2014-12-09 18:52:58',NULL),(57,'Abelardo','Casper','Sim.Willms5@lifepartner.com','1996-03-23 23:10:16','$2y$10$RElDztdDlBL2txKmz73JFOMEsGWUe.A4cSy.SESlJY.6ovaz9xIi6','1992-09-24','MALE','1221754',1,2,'NO','/storage/profiles/o1hfLr697nA.jpg','SUBSCRIBER',NULL,'2005-04-20 17:36:09','2006-11-17 20:37:22',NULL),(58,'Milo','Erdman','Derrick.Schmitt8@lifepartner.com','1996-02-28 18:34:13','$2y$10$PNiGYeqtGxSSHWRI.Hn1fuXl4kpW42ho87/R5jYbKm/ejaoWINbrW','1995-10-11','MALE','798361',2,1,'YES','/storage/profiles/Pc0ToyoR5Xo.jpg','SUBSCRIBER',NULL,'2000-05-18 06:45:47','2018-08-14 22:23:29',NULL),(59,'Toby','O\'Kon','Johnson.Schmidt4@lifepartner.com','2006-10-22 02:24:29','$2y$10$UgR8xkeknza88OAaZTCunu93n/znglnj8Mhbp/SwQOgPcyf4Cyk4O','1995-03-28','MALE','715762',1,1,'YES','/storage/profiles/MUn_ichoEVM.jpg','SUBSCRIBER',NULL,'1979-02-01 11:46:41','2003-06-30 00:47:26',NULL),(60,'Eino','Rodriguez','Bell.Connelly5@lifepartner.com','2014-05-16 21:00:01','$2y$10$UiK.16YarwAW/PiIeG2rOOt7MOUzGSwKdG4c9AJ2T90RdfYD2pqX.','1989-08-14','MALE','974037',2,2,'YES','/storage/profiles/_FRKHdiPXYs.jpg','SUBSCRIBER',NULL,'1987-06-16 22:10:12','2007-10-30 00:58:51',NULL),(61,'Soledad','Bins','Antonio.Lehner0@lifepartner.com','2001-07-20 03:43:30','$2y$10$F6lXDV3p4O.loKBQYu0h1Oss4R92k1TusqN9aZpz/.TnGRVhWgncq','1997-01-05','MALE','1403449',1,1,'NO','/storage/profiles/MTZTGvDsHFY.jpg','SUBSCRIBER',NULL,'2011-07-30 07:14:35','2006-11-06 17:24:18',NULL),(62,'Cortney','Rippin','Bryce.Kuhlman8@lifepartner.com','1974-04-20 00:21:07','$2y$10$5L2WKKk3XNeg/8DXO9OGS.Z/ABHhhl2tB2DQN9XBgRQoWfG.h0zeq','1986-03-24','FEMALE','209269',3,1,'YES','/storage/profiles/gfnn_yQE4gA.jpg','SUBSCRIBER',NULL,'1980-08-28 21:30:59','2007-10-30 00:23:21',NULL),(63,'Gabriella','Mante','Grady.Klein2@lifepartner.com','2001-02-07 01:40:33','$2y$10$Ev6HrSnUpz4cCPP5XsIUm.ogtHkgN335jVZC9Yh/hDKmc/sNgpXlC','1998-03-15','FEMALE','999337',3,2,'NO','/storage/profiles/yOAZcM5xdpM.jpg','SUBSCRIBER',NULL,'1983-04-26 14:14:34','1971-02-18 11:26:30',NULL),(64,'Thelma','Jenkins','Omari.Abbott5@lifepartner.com','2003-04-09 16:31:04','$2y$10$A4UyQ/9khz8P0u9/jbC4eurZWpkUVoX7Jsu.O1NgoLTdGG2eAvkDi','1993-06-03','FEMALE','1823085',2,1,'YES','/storage/profiles/sEY1ffAmBlo.jpg','SUBSCRIBER',NULL,'1980-01-09 01:37:15','1988-03-11 20:56:45',NULL),(65,'Addie','Leffler','Buford.Koelpin6@lifepartner.com','2007-09-24 06:25:47','$2y$10$Uj1GIsUg2URvDG.r7l43XuCNZeLw5yT8wxu7wktyNaXEG5I.7frZG','1992-10-26','FEMALE','1370617',2,1,'NO','/storage/profiles/BcquyEazcnU.jpg','SUBSCRIBER',NULL,'1998-07-24 01:05:44','1971-03-13 21:30:16',NULL),(66,'Marlene','Labadie','Madison.Swaniawski5@lifepartner.com','1974-04-14 15:33:43','$2y$10$z5/CSmhMjIoW93pK3EfFIuMwNet42su4kPJL3JJ7cset5ENyt.GQ6','1987-10-25','FEMALE','295609',1,1,'YES','/storage/profiles/M590Oy7Wl24.jpg','SUBSCRIBER',NULL,'1995-10-13 00:28:33','1980-02-20 02:26:37',NULL),(67,'Brigitte','Corkery','Travon.Mohr2@lifepartner.com','2004-04-04 09:08:51','$2y$10$M1lM1072sWe1a0quVBIth.FITohASzdIEgNBrq8lVr2eyKyvwV3qi','1990-12-14','FEMALE','706184',2,1,'YES','/storage/profiles/bN5sV-JuUkA.jpg','SUBSCRIBER',NULL,'1985-02-17 14:10:42','2015-02-05 00:47:05',NULL),(68,'Carrie','Reilly','Harold.Treutel8@lifepartner.com','2018-04-06 02:56:16','$2y$10$jhMtqm/PJ0oJSkyMyA.jBOfWU31F4Z8dZNyItWFbLMHin/7hNMS12','1985-09-10','FEMALE','1714170',2,2,'YES','/storage/profiles/M6ZWzYBinxs.jpg','SUBSCRIBER',NULL,'2000-01-08 07:47:37','1987-03-07 04:31:23',NULL),(69,'Della','Goyette','Lowell.Bernier2@lifepartner.com','1991-09-18 00:24:26','$2y$10$nKDNb7IAYb/1n3TnYUy6x.y2/Bg4VTWoTxvm8on4CZecvXOLDYCbW','1995-05-18','FEMALE','1701512',1,2,'YES','/storage/profiles/e4ngoTBQciU.jpg','SUBSCRIBER',NULL,'1999-05-21 13:22:18','2009-01-06 09:28:33',NULL),(70,'Amalia','Klein','Maxwell.Kovacek9@lifepartner.com','2017-01-18 12:46:44','$2y$10$3NYPWYllECG505QrsyHSgONmUOrJJ2ovN2bV1FtBH3/lOC7WVo7ga','2001-02-19','FEMALE','1110270',2,2,'YES','/storage/profiles/rIl4qosDTaM.jpg','SUBSCRIBER',NULL,'1995-01-20 20:32:24','2004-08-18 00:38:23',NULL),(71,'Augustine','Boehm','Lenny.Huel6@lifepartner.com','1975-08-16 10:14:13','$2y$10$X9iFdloVBgtWTAgHxAK5f.mBAZlkmmjAQ27q7qD9SWzP7Viaxfm0e','1989-06-20','FEMALE','1381452',1,2,'YES','/storage/profiles/Zh24qdeh1mE.jpg','SUBSCRIBER',NULL,'1980-06-23 22:15:18','1981-01-22 10:29:34',NULL),(72,'Myra','Keebler','Cedrick.Jaskolski0@lifepartner.com','1990-07-01 16:35:03','$2y$10$DWKJbKBQhbAqqIyOUlGfjOpodfOyKuPERKU0UPA6rlEl/gN8033Rq','1992-09-09','FEMALE','1995011',1,2,'YES','/storage/profiles/afj6T0Gb9h4.jpg','SUBSCRIBER',NULL,'1983-11-21 18:55:30','1975-03-19 11:35:12',NULL),(73,'Sunny','Harris','Reinhold.Predovic8@lifepartner.com','1993-02-19 13:52:57','$2y$10$JED.KMyfrckLxrwigpYYXObiEuhxJIC00xRQq0IrxO7EKnXOHQ29.','1997-07-15','FEMALE','776755',2,2,'NO','/storage/profiles/9VGA2xozqmo.jpg','SUBSCRIBER',NULL,'2004-02-26 11:36:09','1974-09-07 21:43:13',NULL),(74,'Jazmyn','McKenzie','Kraig.Stehr6@lifepartner.com','1972-03-26 02:42:52','$2y$10$QFJN8Obe4SJeO1RToXpF9uPvSbXL/bF4Z04K816xn8JEhJUtrcicy','1997-01-23','FEMALE','1775247',1,1,'YES','/storage/profiles/1XvBhhDcGfU.jpg','SUBSCRIBER',NULL,'1983-09-11 11:16:22','2001-06-22 03:46:06',NULL),(75,'Elvie','Nitzsche','Bobby.Hettinger9@lifepartner.com','1983-09-24 19:03:58','$2y$10$7GTW..8NQiLIw7Jctqrk8e8AAxFkKEfz1jPNNBNTWRBbCWUz3HI.C','1989-04-26','FEMALE','514734',1,1,'NO','/storage/profiles/dmXQ81J_yI8.jpg','SUBSCRIBER',NULL,'1974-06-16 06:20:51','2014-10-24 22:18:25',NULL),(76,'Susan','Moore','Merl.Stoltenberg3@lifepartner.com','1977-11-02 18:06:27','$2y$10$Lap1gpGDMLcD2z5vZOO.ZeBM37EWvgoMbRX66TRsTJW/u./FzW77C','2000-01-12','FEMALE','322220',1,1,'YES','/storage/profiles/eB3T0ibP72g.jpg','SUBSCRIBER',NULL,'1985-01-08 01:40:01','2014-11-01 00:28:14',NULL),(77,'America','Reichert','Marlin.Halvorson5@lifepartner.com','1994-05-31 07:19:34','$2y$10$fXpWOIMPiQNKQtGzaMrK4OOxbbAbCVpKZfmuYlUBn2fv9CvRR/5OK','1990-12-24','FEMALE','457987',1,1,'YES','/storage/profiles/H9TElkX-aGo.jpg','SUBSCRIBER',NULL,'2009-04-24 10:00:35','2003-08-11 18:01:31',NULL),(78,'Phoebe','Lesch','Jevon.Langworth5@lifepartner.com','1999-01-15 23:26:23','$2y$10$FRVdpNPkdV/nolLV9OecvukbiIZ.Qbz5DYqmNIYlk6G.5401Itfji','1986-09-02','FEMALE','1210603',2,1,'YES','/storage/profiles/LjzyAxn2hdQ.jpg','SUBSCRIBER',NULL,'2005-07-25 06:28:07','2006-10-23 12:40:42',NULL),(79,'Guadalupe','Marvin','Ryleigh.Parisian6@lifepartner.com','1979-03-10 11:11:29','$2y$10$MIbowX6M2NCW/M5wIlgX.OO0naV/Abu4Oeh9fc4uFdJTfR2s4.kMW','1988-01-26','FEMALE','988711',3,2,'YES','/storage/profiles/3he6nf6uRfE.jpg','SUBSCRIBER',NULL,'1984-10-14 07:24:38','1982-04-01 09:20:47',NULL),(80,'Adelia','Weissnat','Ernie.Kuphal7@lifepartner.com','2016-10-07 01:32:00','$2y$10$sUEuJ.FU0WaKsgY5JiBxq.p/zNzQfmRW493ekkAOqc1SpBFyhRQ8.','1998-09-03','FEMALE','1332297',2,1,'NO','/storage/profiles/uU6TfOlOtDw.jpg','SUBSCRIBER',NULL,'1994-05-25 12:13:33','1996-07-20 21:05:26',NULL),(81,'Maci','West','Cruz.Lind3@lifepartner.com','1987-12-13 23:19:46','$2y$10$/8OEJMjNX1wXQC6JxHLvJuJHJyFP2.zQZKCvjqRqdRNajjhRxf5Wq','1985-11-25','FEMALE','515225',2,2,'YES','/storage/profiles/e6jBjgqjHjo.jpg','SUBSCRIBER',NULL,'2012-06-21 04:40:37','1985-05-12 13:12:33',NULL),(82,'Chelsie','Konopelski','Juvenal.Conn4@lifepartner.com','1995-12-19 18:55:40','$2y$10$UE5GIRtmcOf1AOGb710uQOqraADwiBwGmIwm9ZUc7p2AoxIRSR4cK','1992-06-04','FEMALE','705665',3,2,'YES','/storage/profiles/_cvwXhGqG-o.jpg','SUBSCRIBER',NULL,'1992-02-17 03:24:50','1995-05-07 09:58:12',NULL),(83,'Idell','Marvin','Lionel.Kirlin5@lifepartner.com','2001-01-25 09:08:40','$2y$10$Fdmh8S1UO6/dRatVrW/gKONu.KWbswmTkOC3qB8ex60GkjZIoKnbO','1988-02-24','FEMALE','1679705',2,2,'NO','/storage/profiles/JtJhn0rjEDE.jpg','SUBSCRIBER',NULL,'1970-01-30 11:46:29','1972-04-15 07:52:14',NULL),(84,'Delia','Tillman','Cecil.Russel6@lifepartner.com','2003-05-29 00:09:16','$2y$10$gmSDNN/Ix52d5Y2AUsyfPepQkxXcUYeiSR6DGexk4B2qzXgNHLj06','1989-04-19','FEMALE','521017',3,2,'NO','/storage/profiles/3skaWa2xrpg.jpg','SUBSCRIBER',NULL,'1977-07-02 14:50:20','2009-01-08 14:40:33',NULL),(85,'Vivianne','Schiller','Javonte.Lakin0@lifepartner.com','2015-04-10 02:32:20','$2y$10$No7z4hdylskHeBQkXjBUgegNN7Nb7iJUXMl75cebctAm5hRWTpjMy','1995-06-27','FEMALE','1015216',3,1,'YES','/storage/profiles/ZqH2xVrHc_8.jpg','SUBSCRIBER',NULL,'2003-06-13 03:18:04','1989-12-12 10:21:08',NULL),(86,'Briana','Kerluke','Bertram.Fadel8@lifepartner.com','2019-07-02 10:07:17','$2y$10$.1SNaYEV0DMj3TsmKmUIluTw9p2ycuPfN8e8.AnGko//guzon2igS','1996-02-21','FEMALE','1139413',2,2,'NO','/storage/profiles/kTnzWGBEwpI.jpg','SUBSCRIBER',NULL,'1996-08-10 05:24:17','1970-09-09 07:26:17',NULL),(87,'Esther','Rogahn','Devon.Kuvalis3@lifepartner.com','1977-06-12 16:57:46','$2y$10$FFKFZUaMjTpopKNVFojqUOeyqxEypMcOHdl7wrsplWuqsPdzwEpue','1995-09-12','FEMALE','1687498',1,1,'YES','/storage/profiles/ZnlTGiRkGT8.jpg','SUBSCRIBER',NULL,'1976-12-05 20:49:48','1990-03-03 16:25:52',NULL),(88,'Mia','Barton','Jessie.Williamson1@lifepartner.com','1997-05-23 06:04:23','$2y$10$cJ/HKa7NKYQgDWWW7O9K9O3S.eeXYtPMSl3EwBJrdktQnb36jX922','1996-04-08','FEMALE','1815382',3,2,'YES','/storage/profiles/jzY0KRJopEI.jpg','SUBSCRIBER',NULL,'1982-09-10 03:36:17','1997-07-13 23:26:47',NULL),(89,'Alva','Monahan','Skylar.Heathcote1@lifepartner.com','2017-11-18 18:12:23','$2y$10$38pNGshbqMpBrp.jYJRiIeAX1Ql02DYZVUmb4YNkgd8KTAP2IWjeW','2001-05-08','FEMALE','247653',3,2,'YES','/storage/profiles/h2pnXHMz8YM.jpg','SUBSCRIBER',NULL,'2012-05-09 15:58:24','1991-05-11 19:45:24',NULL),(90,'Helen','Hansen','Guiseppe.Runte4@lifepartner.com','1995-06-12 22:53:59','$2y$10$Re.upMqnsURVnvomVvp0Ou9uo76tnXfABF09fSOWA9N1gH.QWDlp.','1993-07-25','FEMALE','1873887',3,1,'YES','/storage/profiles/f7aPstkq_NI.jpg','SUBSCRIBER',NULL,'2018-08-20 19:53:39','1972-06-01 07:38:42',NULL),(91,'Abbey','Medhurst','Cloyd.Crona5@lifepartner.com','1990-06-24 20:08:33','$2y$10$PFdoU5GRh0z2bG7KyWBkUuz8RHz9lOT9yqP9Pgno.QpzUw4VzdsnC','2000-10-09','FEMALE','1928095',2,1,'NO','/storage/profiles/pVdYTPWeu8I.jpg','SUBSCRIBER',NULL,'1986-01-22 13:46:51','1991-11-18 12:36:17',NULL),(92,'Noemy','Gottlieb','Alexys.Turner7@lifepartner.com','2011-12-20 18:52:27','$2y$10$U85ff3wKm2VF2A8hLj3/D.FC3A1Rd9tuU2Rrs4p/9jXe8TtwkE4p6','1990-08-20','FEMALE','1455927',2,1,'NO','/storage/profiles/FzavNq-l3t0.jpg','SUBSCRIBER',NULL,'1973-10-31 09:54:02','1993-01-18 15:32:16',NULL),(93,'Maureen','Schamberger','Santos.Thompson0@lifepartner.com','2007-07-22 13:17:24','$2y$10$eKClK9mrXPgU/0.6j/taE.UxkyxBy1prmor5B03DhFloiYOweNnpe','1986-09-23','FEMALE','1058860',2,1,'NO','/storage/profiles/V8v9U4EWkzI.jpg','SUBSCRIBER',NULL,'1985-10-08 19:09:22','1993-10-29 23:56:12',NULL),(94,'Jaqueline','Fisher','Howard.Reynolds8@lifepartner.com','1998-08-23 12:07:14','$2y$10$PI.d2X4tlXH7XjQUNYLbKOsocog7TRMQqQ6UxO9qKVWPTJp0FEz4C','1989-10-13','FEMALE','1911456',2,2,'NO','/storage/profiles/UoToEUc7aSg.jpg','SUBSCRIBER',NULL,'2013-01-04 12:14:57','2012-09-23 14:13:44',NULL),(95,'Pat','Satterfield','Moses.Klein8@lifepartner.com','1975-05-26 11:58:18','$2y$10$ZCvYlgYuLhg1B7DrU7pjFuToL3CgfzBX5xs8tYqid1H6dGeq5JnWS','1996-12-25','FEMALE','1119560',1,2,'YES','/storage/profiles/BZ2PNGD5Emw.jpg','SUBSCRIBER',NULL,'1972-01-29 22:37:30','2018-06-11 12:44:29',NULL),(96,'Delpha','Bogisich','Porter.Pacocha1@lifepartner.com','1970-08-31 04:54:12','$2y$10$FmSrv80noJZuXNkvSHGEq.If7.ZRYIMbEr9DT5O4t4JF1w7lVxreG','1994-03-06','FEMALE','613882',3,1,'YES','/storage/profiles/zzRdlv977ys.jpg','SUBSCRIBER',NULL,'2015-09-05 01:52:41','1991-09-07 07:07:07',NULL),(97,'Lysanne','Hilpert','Freeman.Witting6@lifepartner.com','2002-04-16 15:57:31','$2y$10$v7qKTqglwJMMtn5zBi1yuO1bpgDVGogtoI/buWjuxqJuVqc/cThQu','1990-11-13','FEMALE','1762596',1,2,'NO','/storage/profiles/1KuiLuha2aU.jpg','SUBSCRIBER',NULL,'1989-12-27 03:01:47','2010-08-12 10:45:51',NULL),(98,'Frances','Dickinson','Jerald.Shields8@lifepartner.com','2011-11-19 19:02:19','$2y$10$VZdCmeetH3GfCbAdwwi/Yut3KBXDJUhyoScsdQI3DhNiF1TIrT8Dy','1997-05-10','FEMALE','1650285',3,1,'NO','/storage/profiles/qonVU67xGJM.jpg','SUBSCRIBER',NULL,'1993-09-03 11:25:11','1974-07-18 13:32:33',NULL),(99,'Therese','Deckow','Wilbert.Rutherford0@lifepartner.com','1995-09-09 05:19:19','$2y$10$jWHlJgEjuZuBV2bauyoJN.pJzGTppWaW4mNPNXhvvuxsBceiuyC1W','1996-07-11','FEMALE','889742',3,2,'YES','/storage/profiles/jWtHN3s-NqA.jpg','SUBSCRIBER',NULL,'1974-05-21 10:02:52','2009-03-24 03:03:54',NULL),(100,'Shanon','Fritsch','Brayan.Rodriguez4@lifepartner.com','2006-08-04 19:07:48','$2y$10$LITaAGT5hPRo9iRLYXQ.3uLWx6pEAAnStNSPUdx54VRKYAcLcGhvK','1992-02-01','FEMALE','1106446',1,2,'NO','/storage/profiles/c1lrOU1TidI.jpg','SUBSCRIBER',NULL,'2016-08-22 13:14:36','2005-06-02 00:50:13',NULL),(101,'Michaela','Gutkowski','Furman.Schultz1@lifepartner.com','1973-08-02 07:09:28','$2y$10$AZ.OjKEwBkMx/N54.k646O/dV.Of4T/fysOTil2oIYhekkKW8XNtG','2002-08-01','FEMALE','420462',3,2,'YES','/storage/profiles/hF2XIzJimtM.jpg','SUBSCRIBER',NULL,'2015-08-24 13:33:44','1970-07-06 11:06:08',NULL),(102,'Jackie','Thompson','Alfonso.Thiel1@lifepartner.com','1994-01-05 00:51:44','$2y$10$Rc/yfSFXtVm1tZSNQLwfVeriKlgNcpZyCFOqvdWGVy.5oplES/qRy','1999-10-05','FEMALE','591704',1,1,'YES','/storage/profiles/ojl7T2Ah93U.jpg','SUBSCRIBER',NULL,'1992-01-07 14:31:57','1973-01-29 08:51:51',NULL),(103,'Clementina','Christiansen','Gino.Maggio9@lifepartner.com','1995-08-17 00:43:53','$2y$10$77T9Qodxtz99Cg.A6bSyq.312PTtiR/bquLG8m9iUV1BcBYZprOvO','1995-10-30','FEMALE','792075',2,1,'YES','/storage/profiles/oB-sJdwpsb0.jpg','SUBSCRIBER',NULL,'1987-06-25 03:22:36','1981-10-02 17:49:33',NULL),(104,'Emilie','Wisoky','Wilber.Moore7@lifepartner.com','2003-10-31 05:24:54','$2y$10$BMmtnxBu6yIqbynM4AzntuLDXeXybXpD/tBxE8RJgcQQc1Iej5Etu','1989-10-14','FEMALE','1477873',2,2,'NO','/storage/profiles/ff5K3-kYPHA.jpg','SUBSCRIBER',NULL,'1997-05-06 12:48:40','2005-03-01 05:06:26',NULL),(105,'Leta','Padberg','Kobe.Rogahn4@lifepartner.com','2004-05-02 13:48:29','$2y$10$NqYwnft4s1.0zXDPrVYQeuEDSY75WHRZgSfC4ChSD/UuhbvuGO8ma','1994-03-14','FEMALE','296134',2,2,'NO','/storage/profiles/L4ZiWjk3wRk.jpg','SUBSCRIBER',NULL,'2009-05-11 11:12:04','1979-08-25 23:58:04',NULL),(106,'Albina','Lynch','Elton.Cronin2@lifepartner.com','1987-09-15 21:06:26','$2y$10$Be7bDou.aCVOJ8CJwsiko.H3/mfka1xayhTShBQ63opF4XAgl3GAW','1990-12-30','FEMALE','204400',1,1,'YES','/storage/profiles/PwDuIkoVBRo.jpg','SUBSCRIBER',NULL,'1985-06-14 11:43:08','1972-09-03 16:24:03',NULL),(107,'Connie','Paucek','Daren.Paucek4@lifepartner.com','2009-07-08 12:51:28','$2y$10$sPm53RJQHYIMyftzCc2kbepKYWnEwYp8WO4Ys6VJRkwid4gl0nSXS','1998-04-09','FEMALE','223066',2,1,'YES','/storage/profiles/JHyAiRMi5Fk.jpg','SUBSCRIBER',NULL,'1984-04-26 13:33:10','1986-01-11 16:24:20',NULL),(108,'Liliane','Stehr','Landen.Hettinger8@lifepartner.com','1998-08-20 21:46:40','$2y$10$C32yO8zrR8aPFww4dCEt5euDLUeuacI5Dfxo6zakM23dkn1QaK1pa','1987-01-10','FEMALE','1881569',2,2,'YES','/storage/profiles/UyirNYhakSM.jpg','SUBSCRIBER',NULL,'2004-02-24 05:54:33','1971-05-19 11:16:16',NULL),(109,'Carolina','VonRueden','Jamil.Jast4@lifepartner.com','1973-05-31 06:59:12','$2y$10$fm/GIdCWkWi5hGl.IyNDbeGtHkRxxdG79LiFTFqOWk9ZjvPgDIWaG','2002-02-05','FEMALE','1695268',2,1,'NO','/storage/profiles/UUPaBGGW0r4.jpg','SUBSCRIBER',NULL,'2005-01-12 15:41:21','1971-07-18 12:55:18',NULL),(110,'Marilie','Bednar','Jon.Daugherty5@lifepartner.com','1978-11-18 18:26:29','$2y$10$WLdViUlxZFOQ908XOA4vX.yhwBZhGtnKsjx5KQ4d0CyrMj5KFp3LG','1998-07-30','FEMALE','1578606',1,2,'YES','/storage/profiles/2CHKR3sNbc0.jpg','SUBSCRIBER',NULL,'2018-03-02 07:45:18','2006-06-07 10:59:00',NULL),(111,'Hallie','Crona','Colten.Turcotte3@lifepartner.com','2015-02-02 05:35:15','$2y$10$KegIstamlnZOlk03k4JaAONQj7rLe22WbvPWDVzIXdKC5XF9CV8LW','1987-08-16','FEMALE','618654',3,2,'YES','/storage/profiles/3lbxyaAoXbU.jpg','SUBSCRIBER',NULL,'2004-07-07 01:49:05','2009-07-04 10:42:51',NULL),(112,'Ila','Macejkovic','Rickie.Stiedemann5@lifepartner.com','2020-01-15 02:36:58','$2y$10$K1sufk3M8CRVPCvcvdkrQeocp4iAY8vJuAIFXGTXdrPFcBg4x4Gze','1990-03-18','FEMALE','1912938',2,2,'YES','/storage/profiles/nck-pYqS-qg.jpg','SUBSCRIBER',NULL,'2014-10-04 12:14:40','2014-11-03 20:17:09',NULL),(113,'Ilene','Olson','Guido.Stiedemann3@lifepartner.com','1990-04-07 15:33:16','$2y$10$HnVTuJzkQ/kMonO0dDgeRecU.zBAUQHbeyIG7QxO2jsqynXHQQWv6','1994-05-11','FEMALE','258730',1,1,'YES','/storage/profiles/0wRXAXqIp58.jpg','SUBSCRIBER',NULL,'1983-01-29 08:40:41','2001-07-07 09:42:56',NULL),(114,'Cassandra','Jaskolski','Percy.Schinner8@lifepartner.com','1998-01-17 20:48:35','$2y$10$WPN2E8qZRDG41aGjdZi0TO5iFPx4QULLdzr1Kopad9WoL.H5ZNj.6','1995-05-13','FEMALE','1658111',2,1,'NO','/storage/profiles/L-BOzaOUYyY.jpg','SUBSCRIBER',NULL,'2003-06-13 13:25:44','2000-11-18 00:27:06',NULL),(115,'Zita','Schroeder','Larue.Gerhold6@lifepartner.com','2011-10-10 08:41:27','$2y$10$CwcAhPhEfY2z.kjY5pLnt.JuJKqhVjIPxcurb6Ye0zLkZmirp7fMe','2000-08-18','FEMALE','554081',3,1,'YES','/storage/profiles/GC2UHBFeTYA.jpg','SUBSCRIBER',NULL,'2008-03-28 07:06:48','2019-09-30 12:30:07',NULL),(116,'Emie','Kuphal','Marty.Macejkovic4@lifepartner.com','2006-05-18 04:46:35','$2y$10$XYT81TepEim6aZ9Rh..26.iyJBWSyGw.GDKO3MS/ohSo/wVZJ9mvi','1999-02-06','FEMALE','1931461',2,2,'NO','/storage/profiles/gNerhy0Q_QA.jpg','SUBSCRIBER',NULL,'2010-01-28 20:31:26','1975-03-13 14:30:14',NULL),(117,'Macy','Satterfield','Dawson.Oberbrunner3@lifepartner.com','2017-10-23 12:43:50','$2y$10$2L3rMl/45DrnEG347k8SJeBrvUFaIuARn418AHM9bj7b.U.HhGszy','1998-12-02','FEMALE','267280',2,1,'YES','/storage/profiles/15k5fhn_Je8.jpg','SUBSCRIBER',NULL,'1991-07-29 08:39:34','2016-09-09 08:15:05',NULL),(118,'Barbara','White','Isac.Lehner1@lifepartner.com','1981-06-12 04:07:46','$2y$10$.16Y46ECzwEDjhwIsPhUqe.MOSs68uklwkr/O.cecrAmL0YnkwPmW','1993-11-01','FEMALE','1672230',3,1,'NO','/storage/profiles/QQTk22IPBGk.jpg','SUBSCRIBER',NULL,'2007-08-14 13:31:11','1980-04-17 20:59:52',NULL),(119,'Beryl','Dicki','Jason.Becker0@lifepartner.com','2019-03-23 12:43:14','$2y$10$TvwqmOM4thngoAbCessS6OOweBDLfXidSowOsi8d/1LJQ/m.g695m','1986-04-02','FEMALE','265315',2,1,'NO','/storage/profiles/w46N5Bc37FY.jpg','SUBSCRIBER',NULL,'1985-10-28 17:20:16','2000-08-27 19:50:23',NULL),(120,'Shirley','Cormier','Timmothy.Casper6@lifepartner.com','1972-04-29 00:33:40','$2y$10$2.M11Nehg3KV1Nuksya1leGJGfQFoCebX83zS87fsJDq2h71ogrV.','2001-03-04','FEMALE','1218267',3,2,'NO','/storage/profiles/Vffsi52xxTE.jpg','SUBSCRIBER',NULL,'1986-10-09 17:51:48','2009-08-19 01:35:23',NULL),(121,'Dessie','Ward','Grayson.McGlynn8@lifepartner.com','1992-10-14 18:06:48','$2y$10$AU9iGCwmQHgjgESnL.67GuvX/.TvDR7sozTHd1GF0UrFcOyVyE5Bi','1987-07-29','FEMALE','1407276',3,1,'YES','/storage/profiles/ypya1mF9u4w.jpg','SUBSCRIBER',NULL,'1973-03-23 12:02:25','2010-11-05 01:53:51',NULL),(122,'Otilia','Willms','Merle.Daniel5@lifepartner.com','2001-08-10 11:44:50','$2y$10$MgnmNWuIx6I2H7NU6cFgneMOVjpCIz1i5F9J0PkXgmfZdV/aVZ0Z2','1999-03-02','FEMALE','1217978',3,2,'NO','/storage/profiles/nKZuhvCGGQU.jpg','SUBSCRIBER',NULL,'1983-06-26 05:46:48','2019-12-10 20:50:09',NULL),(123,'Alana','McDermott','Roderick.Anderson1@lifepartner.com','2017-10-22 22:57:36','$2y$10$hBFpHvSfC4MTRzWYanp/yOugMMyEfDqjvIh5DLrfcj2GjgkMVvke2','1997-11-05','FEMALE','1140124',2,1,'NO','/storage/profiles/5fHR-2xyCgU.jpg','SUBSCRIBER',NULL,'1979-04-29 16:38:27','1976-03-22 11:58:58',NULL),(124,'Penelope','Crooks','Dashawn.Wisozk1@lifepartner.com','2014-03-20 10:14:31','$2y$10$bOVv1hbnhxLN0hzBkCBjQOH0C6uoxrQj5VSHrzWJvqXuxlVEir86W','1995-02-04','FEMALE','390149',3,1,'YES','/storage/profiles/wh56pTpo9GY.jpg','SUBSCRIBER',NULL,'1982-02-04 10:14:32','1992-07-11 04:41:30',NULL),(125,'Emelia','Frami','Kristopher.Weimann9@lifepartner.com','1986-02-25 21:44:34','$2y$10$r2lnc3v6575mj4Hfb0vMreiFdcMJRclaks3C3d5tHAgLqVOfS5n.i','1985-11-01','FEMALE','1323837',2,1,'NO','/storage/profiles/zfWcUc48WXk.jpg','SUBSCRIBER',NULL,'2006-05-31 16:58:19','1973-05-10 16:01:47',NULL),(126,'Eugenia','Terry','Benny.Bogan4@lifepartner.com','1986-02-28 07:04:15','$2y$10$koY0ionyAy8zFIqhSa63VuWbgFgr9vLCoP.JM3vTdy0ESQaMin6Wi','1987-03-12','FEMALE','1899640',1,2,'NO','/storage/profiles/l1RI3fuKyV8.jpg','SUBSCRIBER',NULL,'2018-08-25 05:47:24','2016-08-07 12:17:01',NULL),(127,'Karan','Sharma','karansharma@gmail.com',NULL,'$2y$10$AFS6MtThcJKXHJcM7Ehgkui5sBvdGThtdGbUok6mIaZjLPnnXw4Hi','1995-03-29','MALE','500000',3,2,'YES',NULL,'SUBSCRIBER',NULL,'2020-08-20 17:41:37','2020-08-20 17:41:37',NULL);
/*!40000 ALTER TABLE `users` ENABLE KEYS */;
UNLOCK TABLES;
/*!40103 SET TIME_ZONE=@OLD_TIME_ZONE */;

/*!40101 SET SQL_MODE=@OLD_SQL_MODE */;
/*!40014 SET FOREIGN_KEY_CHECKS=@OLD_FOREIGN_KEY_CHECKS */;
/*!40014 SET UNIQUE_CHECKS=@OLD_UNIQUE_CHECKS */;
/*!40101 SET CHARACTER_SET_CLIENT=@OLD_CHARACTER_SET_CLIENT */;
/*!40101 SET CHARACTER_SET_RESULTS=@OLD_CHARACTER_SET_RESULTS */;
/*!40101 SET COLLATION_CONNECTION=@OLD_COLLATION_CONNECTION */;
/*!40111 SET SQL_NOTES=@OLD_SQL_NOTES */;

-- Dump completed on 2020-12-20  0:17:35
